Date,VFINX(t-1),TROW(t-1),AME(t-1),HON(t-1),DFS(t-1),ALL(t-1),ACN(t-1),ANSS(t-1),IEX(t-1),DOV(t-1),FBHS(t-1),FMC(t-1),ADP(t-1),ADBE(t-1),PFG(t-1),VFC(t-1),J(t-1),TEL(t-1),KSU(t-1),OKE(t-1),VFINX
2019/11/25,290.01001,122.580002,98.709999,176.509995,85.18,110.639999,198.360001,249.419998,160.929993,111.949997,63.77,98.519997,170.199997,305.279999,30.530001,86.550003,90.75,93.129997,154.020004,71.989998,290.649994
2019/11/26,290.649994,122.830002,99.260002,178.520004,84.730003,112.620003,200.919998,252.479996,161.880005,112.480003,64.800003,98.519997,171.619995,307.899994,30.440001,87.650002,91.470001,93.300003,154.570007,71.809998,291.899994
2019/11/27,291.899994,123.709999,99.489998,179.419998,85.120003,112.019997,201.25,255.449997,163.309998,112.099998,64.379997,98.779999,171.479996,309.059998,30.4,89.050003,92.529999,93.410004,154.559998,71.43,290.790009
2019/11/29,290.790009,123.559998,99.010002,178.550003,84.870003,111.349998,201.160004,254.690002,162.740005,111.480003,63.259998,97.959999,170.779999,309.529999,30.15,88.540001,92.089996,92.709999,152.419998,71.050003,288.290009
2019/12/2,288.290009,122.260002,97.540001,174.320007,84.059998,111.139999,199.589996,250.699997,160.190002,110.309998,62.43,97.860001,168.589996,302.75,29.9,87.989998,89.360001,90.959999,151.770004,70.82,286.380005
2019/12/3,286.380005,120.790001,96.870003,172.550003,82.959999,109.440002,198.75,250.369995,157.830002,109.029999,62.23,97.25,167.130005,303.910004,29.68,85.989998,88.629997,89.589996,149.490005,70.190002,288.220001
2019/12/4,288.220001,121.720001,96.699997,173.210007,83.629997,110.139999,199.580002,252.139999,157.360001,110.419998,63.16,96.910004,168.570007,302.51001,29.67,88.040001,86.290001,90.5,149.210007,70.830002,288.730011
2019/12/5,288.730011,123,97.68,174.009995,83.129997,109.540001,199.850006,252.990005,160.270004,111.330002,63.900002,97.989998,168.360001,303.029999,29.68,89.190002,85.639999,91.150002,150.350006,70.980003,291.380005
2019/12/6,291.380005,123.900002,98.550003,175.460007,84.309998,111.099998,202.550003,256.630005,163.229996,112.589996,64.599998,98.419998,169.979996,306.230011,29.790001,90.419998,85.019997,92.150002,152.639999,71.589996,290.480011
2019/12/9,290.480011,124.5,98.330002,174.490005,84.209999,111.32,202.029999,255.080002,162.820007,112.5,64.099998,99.190002,169.070007,307.049988,29.790001,90.849998,85.839996,91.559998,151.369995,72.199997,290.179993
2019/12/10,290.179993,122.349998,98.080002,174.039993,84.860001,110.739998,201.880005,252.570007,163.130005,112.860001,64,97.830002,168.429993,304.170013,30.040001,90.269997,87.129997,91.529999,151.160004,72.5,291.019989
2019/12/11,291.019989,123.610001,98.669998,176.009995,84.230003,109.589996,202.300003,251.630005,163.970001,113.169998,65.160004,98.25,167.240005,303.73999,30.370001,91.660004,88.089996,93.150002,153.419998,72.589996,293.559998
2019/12/12,293.559998,125.349998,99.300003,177.389999,86.379997,110.349998,203.919998,251.020004,166.860001,114.480003,65.519997,99.5,167.160004,305.959991,30.540001,93.360001,90.019997,94.449997,151.860001,72.910004,293.630005
2019/12/13,293.630005,123.220001,98.559998,176.979996,86.68,109.699997,206.660004,253.929993,167.369995,113.650002,65.089996,99.18,168.259995,317.940002,30.549999,93.150002,90.029999,94,151.440002,73.169998,295.730011
2019/12/16,295.730011,123.239998,99.260002,176.399994,86.129997,109.620003,205,257.940002,167.199997,113.129997,65.459999,99.519997,168.589996,323.799988,30.91,94.040001,89.269997,95.209999,152.990005,73.389999,295.829987
2019/12/17,295.829987,123.019997,99.199997,176.699997,86.510002,109.849998,203.399994,257.070007,169.190002,114.260002,65.980003,100.919998,168.320007,322.850006,31.200001,95.019997,89.440002,95.449997,154.039993,73.360001,295.730011
2019/12/18,295.730011,122.400002,98.959999,174.639999,86.510002,109.650002,205.759995,254.669998,169,113.599998,65.739998,100.269997,167.559998,324.380005,31.09,96.5,88.370003,95.510002,153.929993,73.889999,297.059998
2019/12/19,297.059998,122.519997,99.559998,176.5,86.32,111.209999,208.300003,255.75,168,113.470001,65.260002,98.370003,168.740005,327.630005,30.83,96.900002,88.540001,95.410004,153.039993,73.980003,297.179993
2019/12/20,297.179993,122.540001,99.779999,176.410004,86.699997,111.580002,211.100006,258.890015,171.369995,114.989998,65.300003,99.040001,171.089996,327.609985,30.870001,97.239998,90.040001,95.919998,155.100006,75.190002,297.429993
2019/12/23,297.429993,121.620003,100.139999,176.429993,85.339996,110.879997,210.830002,255.729996,173.360001,115.849998,64.470001,100.260002,170.020004,328.950012,30.48,98.349998,90.400002,95.080002,153.660004,75.989998,297.399994
2019/12/24,297.399994,122.199997,99.709999,176.309998,85.279999,111.169998,211.610001,256.48999,171.889999,115.260002,65.309998,100.919998,169.910004,329.640015,30.5,98.900002,89.57,95.199997,153.259995,75.599998,298.950012
2019/12/26,298.950012,122.870003,100.07,176.880005,85.489998,111.599998,212.050003,258.329987,172.729996,115.800003,65.489998,101.489998,170.350006,331.200012,30.700001,99.400002,90.089996,95.309998,153.559998,76.129997,298.959991
2019/12/27,298.959991,122.82,99.949997,176.479996,84.949997,111.870003,212.220001,258.679993,172.619995,115.470001,65.589996,101.129997,170.770004,330.790009,30.9,99.959999,89.540001,95.510002,154.479996,75.709999,297.269989
2019/12/30,297.269989,121.809998,99.93,176.419998,84.529999,111.769997,210.639999,256.799988,172.330002,115.239998,65.379997,99.220001,169.589996,328.339996,31.32,99.559998,89.620003,95.580002,153.089996,75.419998,298.160004
2019/12/31,298.160004,121.839996,99.739998,177,84.82,112.449997,210.570007,257.410004,172,115.260002,65.339996,99.82,170.5,329.809998,31.49,99.660004,89.830002,95.839996,153.160004,75.669998,300.690002
2020/1/2,300.690002,125.160004,100.800003,180.789993,85.300003,112.82,210.149994,259.589996,173.300003,116.870003,65.809998,99.879997,170.320007,334.429993,31.719999,100.230003,90.269997,96.510002,155.449997,75.709999,298.600006
2020/1/3,298.600006,124.75,100.940002,178.860001,83.879997,112.830002,209.800003,256.970001,172.759995,115.779999,65.389999,99.230003,169.960007,331.809998,31.950001,99.599998,90.889999,95.370003,155.259995,76.580002,299.649994
2020/1/6,299.649994,125.519997,101.050003,177.509995,82.400002,113.160004,208.429993,254.589996,172.940002,115.790001,65.889999,98.360001,170.190002,333.709991,31.370001,99.209999,90.720001,94.709999,154.889999,76.910004,298.839996
2020/1/7,298.839996,126.019997,101.629997,177.610001,81.489998,112.190002,203.929993,256.670013,170.809998,116.110001,65.559998,100.150002,168.130005,333.390015,30.91,98.720001,91.040001,96.669998,155.350006,76.849998,300.320007
2020/1/8,300.320007,127.220001,101.860001,177.759995,82.370003,112.5,204.330002,257.730011,172.179993,116.379997,66.790001,100.449997,169.710007,337.869995,31.02,97.040001,89.480003,97.669998,158.759995,75.650002,302.390015
2020/1/9,302.390015,128.279999,101.360001,179.070007,83.43,113.779999,206.149994,261.429993,173.889999,117.120003,66.629997,99.519997,171.210007,340.450012,31.059999,95.779999,90.889999,97.769997,159.910004,75.610001,301.529999
2020/1/10,301.529999,127.459999,100.760002,178.679993,82.68,113.449997,207.660004,260.799988,172.070007,115.769997,66.959999,98,171.089996,339.809998,30.77,95.059998,90.629997,98.07,158.25,75.529999,303.630005
2020/1/13,303.630005,131.029999,100.830002,181.270004,82.879997,114.480003,209.589996,264.049988,173.339996,117.129997,68.099998,98.870003,172.360001,345.630005,30.799999,95.93,91.139999,97.919998,160.149994,76.239998,303.200012
2020/1/14,303.200012,129.729996,100.839996,180.449997,83.040001,113.800003,207.729996,262.869995,172.460007,117.120003,68.019997,98.279999,171.229996,344.630005,30.74,96.529999,92.580002,100.32,159.309998,75.970001,303.769989
2020/1/15,303.769989,130.149994,100.660004,180.729996,83.32,114.260002,207.259995,264.279999,173.119995,117.610001,69.07,98.510002,172.809998,342.940002,30.860001,95.709999,92.769997,98.839996,159.710007,75.910004,306.320007
2020/1/16,306.320007,132.020004,100.190002,182.259995,83.639999,116.150002,208.979996,266.809998,175.669998,119.599998,69.599998,99.589996,174.880005,345.380005,31.23,95.129997,93.470001,99.5,161.630005,76.779999,307.51001
2020/1/17,307.51001,132.259995,101.779999,183.229996,84.440002,117.550003,209.199997,270.279999,175.850006,119.529999,69.410004,100,176.869995,349.73999,31.219999,94.269997,94,100.18,166.520004,77.169998,306.700012
2020/1/21,306.700012,132.300003,101.260002,180.929993,83.68,117.800003,209.149994,273.820007,174.860001,117.959999,69.900002,98.150002,176.199997,350,31.700001,94.629997,94.790001,99.5,165.460007,75.910004,306.799988
2020/1/22,306.799988,132.589996,100.269997,180.050003,85.339996,117.650002,209.410004,274.730011,173,117.870003,69.980003,97.599998,178.330002,350.059998,31.809999,94.57,94.849998,98.949997,164.809998,75.599998,307.170013
2020/1/23,307.170013,133.210007,100.779999,179.580002,85.849998,118.150002,210.679993,277.709991,173.740005,118.650002,70.559998,96.830002,177.830002,351.76001,31.51,85.410004,96.059998,100.370003,166.729996,76.290001,304.399994
2020/1/24,304.399994,131.179993,99.57,177.130005,76.290001,118.279999,208.570007,277.339996,172.139999,117.110001,69.510002,95.68,177.210007,351.369995,31.209999,84.529999,97,98.400002,166.580002,74.839996,299.600006
2020/1/27,299.600006,128.539993,97.779999,173.539993,73.910004,116.580002,206.550003,270.700012,169.779999,115.43,67.459999,93.82,175.740005,346.899994,31.209999,82.510002,95.279999,96.839996,164.080002,74,302.619995
2020/1/28,302.619995,131.300003,99.330002,175.460007,75.230003,117.540001,210.240005,278.359985,171.279999,116.449997,67.889999,95.089996,178.300003,354.630005,30.75,83.629997,94.839996,98.099998,167.520004,75.050003,302.369995
2020/1/29,302.369995,136.119995,99.629997,175.669998,75.800003,118.360001,207.960007,277.720001,172.139999,116.379997,67.260002,96.370003,171.039993,351.660004,30.08,84.059998,94.779999,98.07,169.699997,74.940002,303.359985
2020/1/30,303.359985,136.570007,99.330002,178.339996,76.370003,119.879997,208.369995,280.140015,165.919998,118.919998,71.010002,96.050003,175.009995,356.73999,30.290001,84.559998,94.489998,95.82,170.649994,75.470001,298.01001
2020/1/31,298.01001,133.529999,97.150002,173.220001,75.129997,118.540001,205.210007,274.329987,163.850006,113.849998,68.709999,95.589996,171.389999,351.140015,29.389999,82.970001,92.529999,92.18,168.690002,74.870003,300.170013
2020/2/3,300.170013,134.520004,97.720001,171.320007,75.089996,119.050003,207.800003,281.329987,165.059998,113.68,68.980003,97.610001,173.940002,358,31.049999,82.910004,93.040001,94,171.449997,74.440002,304.670013
2020/2/4,304.670013,136.809998,99.110001,175.210007,75.800003,119.949997,212.529999,289.220001,169.089996,116.459999,71.239998,98.980003,175.919998,366.73999,29.68,83.949997,95.459999,95.330002,172.490005,74.910004,308.100006
2020/2/5,308.100006,137.940002,100.029999,176.899994,77.379997,124.669998,212.220001,283.950012,170.419998,119.209999,72.059998,101.82,178.619995,365.549988,29.959999,84.599998,96.75,96.959999,172.639999,76.07,309.179993
2020/2/6,309.179993,137.770004,98.68,176.350006,76.349998,123.889999,214.160004,285.880005,171.190002,118.230003,71.540001,107.919998,180.259995,367.459991,29.01,84.080002,96.019997,94.629997,171.990005,75.849998,307.570007
2020/2/7,307.570007,138.240005,98.300003,175.279999,75.290001,124.43,211.580002,284.829987,171.350006,117.309998,70.75,105.139999,179.100006,366.089996,28.75,82.959999,95.779999,93.220001,171.860001,75.360001,309.869995
2020/2/10,309.869995,138.479996,98.599998,176.949997,75.830002,123.949997,212.550003,286.519989,174.470001,118.220001,71.730003,104.860001,179.360001,370,28.35,83.330002,97.019997,93.18,172,75.57,310.399994
2020/2/11,310.399994,138.610001,100.150002,179.149994,75.75,125.099998,212.139999,288.290009,176.050003,118.989998,72.370003,105.25,177.970001,369.279999,28.360001,82.959999,97.730003,93.449997,170.240005,75.940002,312.410004
2020/2/12,312.410004,138.479996,101.769997,181.179993,76.040001,123.779999,211.990005,292.459991,176.809998,119.849998,72.480003,106.440002,178.029999,374.290009,28.9,83.93,99.260002,94.919998,170.779999,76.410004,312.01001
2020/2/13,312.01001,136.419998,101.440002,180.119995,76.199997,124.889999,212.399994,291.679993,174.690002,119.559998,72.639999,105.43,180.110001,374.839996,28.49,84.050003,99.230003,94.540001,173.460007,76.220001,312.630005
2020/2/14,312.630005,137.389999,101.339996,180.809998,76.419998,125.57,212.369995,291.980011,174.789993,119.860001,72.989998,105.470001,181.25,379.670013,28.139999,83.660004,100.660004,93.300003,173.639999,76.980003,311.730011
2020/2/18,311.730011,137.779999,100.470001,179.419998,75.349998,124.300003,213.759995,290.899994,174.949997,119.919998,72.610001,105.790001,179.929993,378.850006,27.719999,82.669998,100.559998,91.980003,177.199997,76.940002,313.25
2020/2/19,313.25,139.059998,100.169998,180.860001,75.559998,124.260002,215.919998,296.140015,173.539993,117.25,72.330002,106.449997,181.25,383.279999,27.77,83.400002,101.459999,93.379997,176.389999,76.75,312.059998
2020/2/20,312.059998,137.740005,100.550003,180.699997,75.790001,123.459999,213.899994,294.019989,173.580002,119.019997,72.989998,108.290001,180.770004,378.959991,28.129999,83.989998,102.029999,92.919998,175.970001,77.519997,308.790009
2020/2/21,308.790009,136.270004,99.339996,179.880005,75.32,123.620003,211.889999,287.109985,173.350006,119.440002,71.029999,106.580002,178.580002,372.950012,28.16,83.720001,103.860001,91.730003,174.229996,77.059998,298.470001
2020/2/24,298.470001,131.75,95.360001,175.270004,73.150002,120.540001,204.360001,276.73999,169.440002,114.949997,69.339996,102.400002,174.539993,357.410004,27.82,81.830002,101.949997,88.089996,167.330002,75.07,289.440002
2020/2/25,289.440002,126.540001,91.75,167.800003,69.489998,117.309998,197.100006,266.440002,162.839996,110.059998,67.110001,97.739998,167.179993,347.799988,26.18,77.239998,98.709999,86.349998,161.440002,73.610001,288.339996
2020/2/26,288.339996,126.610001,91.110001,167.179993,69,115.730003,195.669998,270.190002,159.309998,108.300003,64.830002,96.889999,166.330002,351.339996,25.76,76.389999,99.830002,86.160004,160.809998,73.290001,275.660004
2020/2/27,275.660004,119.839996,87.360001,159.550003,66.18,109.919998,186.440002,244.149994,152.149994,105.239998,62.299999,92.360001,157.529999,337.519989,24.370001,73.199997,93.32,83.190002,152.339996,67.550003,273.450012
2020/2/28,273.450012,118.010002,86,162.169998,65.580002,105.25,180.589996,242.190002,148,102.739998,61.75,93.099998,154.740005,345.119995,23.92,72,92.339996,82.870003,150.679993,66.720001,286.029999
2020/3/2,286.029999,125.480003,90.019997,164.240005,67.879997,112.669998,189.550003,258.809998,153.039993,107.400002,63.669998,96.910004,163,360.279999,25.75,74.650002,96.889999,85.349998,155.059998,69.129997,278
2020/3/3,278,123.489998,87.32,161.889999,64.309998,109.199997,182.220001,249.070007,149.419998,105.720001,62.82,94.589996,155.240005,348.339996,25.23,71.510002,97.599998,83,152.270004,68.25,289.73999
2020/3/4,289.73999,128.759995,91.010002,171.190002,66.690002,114.510002,188.860001,259.5,153.899994,110.699997,67.18,99.349998,164.389999,363.850006,25.42,74.309998,101.290001,85.800003,158.630005,70.660004,279.980011
2020/3/5,279.980011,122.010002,89.07,164.919998,64.57,108.459999,182.559998,248.059998,148.210007,105.779999,63.869999,94.830002,160.669998,351.029999,24.879999,71.57,97.260002,81.370003,154.020004,68.690002,275.209991
2020/3/6,275.209991,116.75,88.519997,164.029999,62.580002,107.139999,178.75,237.779999,146.240005,101.489998,60.419998,90.529999,159.149994,336.769989,24.540001,70.129997,94.07,78.690002,147.080002,61.209999,253.220001
2020/3/9,253.220001,103.639999,76.260002,152.860001,54.759998,95.610001,164.110001,222.410004,135.690002,93.75,56.169998,79.239998,150.919998,305.790009,21.85,62.389999,88.940002,74.139999,124.739998,38.099998,265.730011
2020/3/10,265.730011,112.790001,82.260002,161.690002,57.689999,99.260002,174.559998,229.119995,144.449997,100.529999,59.360001,86.980003,154.419998,332.380005,22.41,65.160004,92.279999,78.699997,129.949997,38.029999,252.770004
2020/3/11,252.770004,105.519997,77.25,153.389999,53.200001,92.769997,165.110001,217.729996,134.869995,95.550003,54.939999,83.260002,148.009995,315.230011,20.92,62.720001,88,72.989998,129.229996,35.939999,228.779999
2020/3/12,228.779999,91.730003,67.519997,134.850006,44.880001,83.800003,152.529999,204.460007,123.139999,85.580002,47.650002,77.440002,130.279999,285,18.51,55.349998,79.120003,67.599998,114.550003,28.459999,250.100006
2020/3/13,250.100006,107.330002,74.599998,149.410004,51.759998,92.769997,166.509995,235.419998,130.850006,90.75,48.599998,88.050003,144.5,335.5,19.23,59.540001,86.760002,70.209999,127.610001,30.719999,220.139999
2020/3/16,220.139999,97.550003,62.540001,135.270004,37.869999,84.980003,152.539993,206.350006,115.699997,75.949997,40.900002,71.010002,122.459999,286.029999,15.71,55.720001,78.870003,60.939999,114.209999,25.01,233.300003
2020/3/17,233.300003,108.110001,65.900002,131.800003,36.869999,87.940002,157.710007,234.289993,125.959999,81.129997,41.700001,68.639999,129.389999,311.809998,15.63,60.68,80.589996,63.060001,121.199997,21.49,221.229996
2020/3/18,221.229996,108.410004,65.650002,119.610001,27,75.550003,151.149994,221.669998,114,69.860001,36.5,59.82,117.599998,294.609985,11.5,57.299999,79.43,53.080002,109.32,15.37,222.270004
2020/3/19,222.270004,102.610001,69.010002,118.959999,28.33,74.690002,158.5,221.089996,123.360001,70.800003,37.720001,67.510002,117.370003,307.51001,13.46,57.080002,74.690002,54.599998,116.419998,20.49,212.669998
2020/3/20,212.669998,90.339996,63.369999,112.5,25.25,73.870003,149.940002,213.110001,116.480003,66.129997,36.599998,65.32,112.059998,295.339996,12.77,52.779999,65.650002,55.560001,108.519997,20.67,206.440002
2020/3/23,206.440002,85.419998,58.209999,103.860001,26.65,73.230003,143.690002,208.350006,114.650002,65.370003,34.830002,64.18,109.07,307.269989,12.41,45.990002,63.009998,54.669998,100.540001,19.6,225.839996
2020/3/24,225.839996,89.5,67.940002,119.510002,33.779999,77.919998,156.850006,217.429993,119.989998,74.739998,40.369999,68.720001,120.959999,310,13.49,52.43,69.489998,60.560001,122.360001,22.049999,228.449997
2020/3/25,228.449997,92.989998,71,129.649994,37.450001,83,151.820007,212.309998,119.360001,80.589996,42.41,73.660004,122.589996,305.910004,14.2,58.049999,73.25,63.490002,130.139999,23.110001,242.710007
2020/3/26,242.710007,101.339996,72.410004,137.399994,41.709999,89.5,171.339996,230.369995,125.809998,84.610001,44.450001,80.209999,137.059998,322.670013,15.8,61.93,79.82,68.199997,133.479996,24.360001,234.539993
2020/3/27,234.539993,98.43,71.010002,131.270004,38.41,88.459999,162.880005,223.020004,131.179993,81.949997,43.439999,76.620003,131.380005,305.829987,14.84,57.790001,74.879997,62.779999,127.959999,20.940001,242.429993
2020/3/30,242.429993,98.830002,73.720001,131.75,37.59,94.639999,169.820007,235.130005,136.880005,85.639999,44.509998,82.639999,137.820007,318.390015,14.39,59.75,77.989998,63.720001,129.380005,20.040001,238.570007
2020/3/31,238.570007,97.650002,72.019997,133.789993,35.669998,91.730003,163.259995,232.470001,138.110001,83.940002,43.25,81.690002,136.679993,318.23999,14.74,54.080002,79.269997,62.98,127.18,21.809999,228.039993
2020/4/1,228.039993,93.870003,69.809998,129.710007,31.530001,86.400002,154.679993,211.25,133.199997,79.980003,39.380001,76.970001,129.720001,301.209991,13.07,48.68,79.220001,59.119999,122.129997,19.200001,233.289993
2020/4/2,233.289993,97.139999,71.089996,132.809998,30.99,85.790001,156.270004,216.199997,136.380005,80.599998,38.459999,74.18,131.550003,303.959991,13.55,49.119999,81.18,58.990002,121,21.629999,229.789993
2020/4/3,229.789993,95.190002,71.290001,127.449997,28.530001,85.959999,152.149994,218.300003,138.509995,77.360001,35.419998,70.879997,128.570007,293.609985,12.95,48.880001,78.970001,58.689999,123,21.639999,245.940002
2020/4/6,245.940002,102.699997,75.43,134,33.459999,93.519997,166.050003,242.460007,143.960007,84.730003,40.619999,78.029999,139.649994,319.130005,13.56,54.669998,83.419998,65.620003,134.509995,23.33,245.550003
2020/4/7,245.550003,101.900002,75.790001,135.240005,35,92.529999,164.119995,239.649994,146.089996,85.510002,43.650002,79.440002,136.960007,308.929993,13.61,56.34,81.879997,65.040001,138.100006,24.280001,253.979996
2020/4/8,253.979996,105.510002,77.230003,139.25,37.220001,97.25,171.729996,244.369995,151,89.599998,47.290001,82.870003,138.529999,317.179993,14.66,57.990002,80.940002,69.059998,139.75,26.450001,257.690002
2020/4/9,257.690002,105.160004,78.230003,143.429993,39.209999,100.339996,177.919998,237.919998,151.520004,89.410004,50.830002,90,142.520004,318.700012,16.6,59.209999,81.309998,71.169998,136.600006,28.4,255.089996
2020/4/13,255.089996,102.239998,76.970001,137.940002,36.18,98,172.570007,242.929993,146.630005,86.370003,46.860001,86.629997,139.529999,320.649994,15.77,57.5,79.830002,69.120003,136.580002,29.219999,262.920013
2020/4/14,262.920013,101.93,78.080002,140.589996,35.529999,102.440002,178.100006,254.800003,150.220001,87.709999,46.150002,86.669998,143.869995,340.769989,14.9,59.57,81.809998,69.970001,139.339996,30.469999,257.149994
2020/4/15,257.149994,98.980003,76.050003,134.839996,32.98,97.940002,169.449997,253.979996,145.399994,84.389999,43.330002,84.040001,137.639999,332.549988,14.4,55.849998,80.019997,65.410004,134.160004,27.41,258.640015
2020/4/16,258.640015,99.540001,76,132.330002,31.690001,99.93,167.949997,257.820007,146.830002,84.150002,43.790001,83.330002,136.919998,342.700012,13.87,54.849998,79.050003,63.66,135,26.57,265.579987
2020/4/17,265.579987,103.489998,80.309998,138.320007,35.040001,104.919998,175.089996,263.899994,152.729996,88.489998,46.599998,86.099998,141.080002,344.109985,15.08,57.5,84.199997,67.440002,139.360001,29.379999,260.829987
2020/4/20,260.829987,101.150002,77.75,135.699997,35.220001,102.720001,174.740005,266.720001,151.580002,85.970001,43.919998,84.559998,139.820007,344.880005,14.61,55.830002,80.699997,66.580002,131.229996,28.209999,252.839996
2020/4/21,252.839996,98.849998,73.910004,132,34.299999,100.089996,166.240005,253.279999,148.630005,84.510002,42.25,83.589996,133.610001,328.98999,14.24,53.34,78.209999,64.550003,131.009995,26.93,258.640015
2020/4/22,258.640015,100.629997,75.889999,133.029999,35.150002,101.989998,172.309998,263.269989,151.660004,86.32,43.080002,84.110001,138.699997,336.769989,13.99,54.27,79.510002,67.279999,129.339996,27.309999,258.51001
2020/4/23,258.51001,99.160004,75.68,134.679993,34.82,99.449997,172.899994,258.950012,152.360001,88.010002,43.799999,87.370003,135.919998,335.369995,14.33,54.349998,79.75,68.150002,128.830002,29.200001,262.119995
2020/4/24,262.119995,100.339996,77.059998,135.520004,36.23,101.440002,175.460007,259.450012,152.720001,90.970001,43.720001,88.199997,139.229996,344.100006,14.73,54.57,80,70.150002,131.410004,27.66,265.980011
2020/4/27,265.980011,106.5,79.279999,139.880005,37.439999,103.089996,179.429993,262.869995,156.289993,93.190002,46.82,90.379997,142.220001,348.5,16.27,57.709999,79.790001,73.470001,131.830002,28.52,264.589996
2020/4/28,264.589996,113.889999,80.760002,142.759995,40.060001,101.839996,178.360001,257.350006,157.779999,94.910004,49.66,90.889999,143.009995,333.450012,16.969999,59.5,83.5,73.650002,133.300003,30.530001,271.630005
2020/4/29,271.630005,116.919998,84.5,146.160004,45.91,105.82,187.559998,265.839996,157.880005,96.309998,51.529999,95.019997,145.839996,349.170013,17.83,60.279999,82.730003,78.379997,136,30.92,269.140015
2020/4/30,269.140015,115.629997,83.870003,141.899994,42.970001,101.720001,185.190002,261.829987,153.630005,93.650002,48.200001,91.900002,146.690002,353.640015,17.379999,58.099998,82.75,73.459999,130.550003,29.93,261.609985
2020/5/1,261.609985,110.440002,80.489998,137.25,41.369999,99.739998,180.089996,255.639999,151.289993,91.470001,51.5,89.919998,140.419998,343.839996,17.120001,55.43,80.779999,70.580002,128.360001,27.940001,262.720001
2020/5/4,262.720001,109.489998,79.669998,135.199997,41.369999,100.339996,179.529999,258.799988,150.630005,90.639999,51.110001,89.639999,144.479996,349.109985,16.700001,55.720001,81.029999,69.459999,123.93,29.190001,265.100006
2020/5/5,265.100006,109.669998,81.190002,134.869995,41.099998,102.150002,181.619995,262.230011,151.779999,91.889999,53.07,89.5,145.820007,356.130005,15.79,55.66,81.540001,70.82,125.400002,29.93,263.26001
2020/5/6,263.26001,108.199997,81.720001,133.039993,39.139999,101.480003,180.380005,268.070007,151.699997,90.370003,51.939999,91.980003,144.559998,362.519989,14.98,56.02,78.349998,71.830002,127.25,28.65,266.390015
2020/5/7,266.390015,111.339996,83.309998,132.789993,40.48,100.849998,187.110001,260.76001,153.399994,91.07,53.830002,94.110001,147.770004,366.779999,15.41,57.279999,78.550003,73.32,131.330002,29.75,270.940002
2020/5/8,270.940002,114.059998,84.32,136.910004,42.720001,100.790001,188.559998,263.019989,154.699997,92.230003,56.09,93.480003,146,367.51001,16.42,58.23,79.970001,76.75,136.630005,31.33,270.980011
2020/5/11,270.980011,112.669998,83.239998,134.279999,40.459999,101.839996,187.75,265.850006,153.559998,90.720001,54.200001,91.5,144.610001,371.420013,15.28,57.299999,78.57,74.610001,134.199997,31.379999,265.450012
2020/5/12,265.450012,112.75,80.82,127.589996,39.200001,97.550003,185.720001,259.790009,148.070007,86.739998,51.84,89.139999,141.729996,365.100006,14.42,55.790001,74.660004,71.410004,132.169998,32.939999,260.839996
2020/5/13,260.839996,107.940002,77.970001,122.970001,36.389999,92.080002,181,252.110001,146.800003,83.410004,49.630001,88.769997,134.580002,358.559998,13.99,52.759998,72.07,68.75,134.949997,30.48,263.899994
2020/5/14,263.899994,112.57,78.75,127.050003,39.23,93.919998,179.990005,252.149994,149.029999,85.489998,51.639999,88.610001,134.949997,355.390015,13.72,55.439999,71.599998,69.849998,134.110001,30.709999,264.959991
2020/5/15,264.959991,113.510002,79.589996,125.410004,38,95.379997,183.880005,253.929993,148.419998,84.940002,53.560001,88.019997,134.850006,365.299988,13.9,51.959999,72.110001,70.040001,133.850006,32.389999,273.339996
2020/5/18,273.339996,117.220001,83.279999,136.039993,41.060001,99.040001,192.75,263.51001,154.630005,90.519997,60.419998,90.830002,136.399994,367.970001,15.97,56.450001,77.370003,76.269997,138.979996,35.07,270.5
2020/5/19,270.5,114.190002,84.010002,131.949997,39.75,97.269997,190.089996,262.410004,151.149994,89.559998,59.59,89.18,133.100006,372.200012,15.21,54.84,74.279999,76.370003,142.619995,35.110001,275.049988
2020/5/20,275.049988,114.839996,84.830002,136.029999,41.009998,96.989998,195.179993,272.209991,152.369995,91.040001,60.529999,93.07,134.779999,383.630005,16.01,55.98,76.410004,78.349998,148.740005,36.509998,272.929993
2020/5/21,272.929993,114.650002,84.860001,137.690002,40.75,94.129997,193.5,266.279999,151.559998,90.839996,60.330002,91.870003,133.320007,382.170013,15.82,56.290001,76.970001,76.290001,146.339996,36.02,273.619995
2020/5/22,273.619995,115.089996,85.900002,139.179993,40.470001,94.82,193.710007,269.869995,150.449997,89.769997,60.540001,93.300003,134.869995,385.26001,15.67,55.639999,77.099998,76.230003,147.25,36.200001,276.98999
2020/5/26,276.98999,120.050003,88.410004,144.940002,44.080002,94.050003,196.399994,268.970001,155.089996,94.790001,62.610001,94.82,138.919998,376.630005,16.48,59.82,80.610001,80.620003,153.539993,37.619999,281.100006
2020/5/27,281.100006,122.459999,91.690002,148.589996,49.599998,97.730003,199.929993,269.309998,159.210007,97.269997,64.220001,96.220001,144.669998,375.170013,18.040001,62.18,84.220001,83.220001,154.75,37.599998,280.549988
2020/5/28,280.549988,120.660004,91.879997,147.559998,49.470001,98.260002,201.669998,275.100006,157.470001,97.029999,61.130001,97.650002,144.800003,379.829987,16.950001,58.790001,84.290001,82.779999,152.169998,37.279999,281.940002
2020/5/29,281.940002,120.900002,91.709999,145.850006,47.509998,97.809998,201.619995,283,159.369995,97.25,60.959999,98.410004,146.490005,386.600006,16.610001,56.099998,84.019997,81.25,150.520004,36.689999,283
2020/6/1,283,121.870003,92.019997,146.179993,49.84,99.07,203.380005,286.700012,158.119995,97.75,61.380001,98.879997,145.550003,389.679993,16.129999,58.07,85.089996,84.529999,149.270004,38.139999,285.329987
2020/6/2,285.329987,122.959999,92.940002,148.350006,52.389999,99,205.779999,288.140015,159.899994,99.25,61.029999,100.910004,148.25,390.440002,16.639999,59.349998,85.360001,86.269997,149.309998,39.630001,289.26001
2020/6/3,289.26001,127.510002,95.010002,153.350006,57.139999,100.410004,207.279999,286.899994,165.860001,103.470001,63.119999,101.910004,151.679993,389.920013,17.719999,64,87.809998,89.099998,154.399994,40.580002,288.339996
2020/6/4,288.339996,126.349998,94.209999,155.910004,58.259998,101.860001,203.100006,282.160004,163.960007,103.519997,63.720001,99.800003,149.970001,385.799988,17.950001,64.089996,87.589996,88.82,155.380005,40.709999,295.899994
2020/6/5,295.899994,128.279999,96.989998,161.369995,60.619999,105.470001,208.490005,289.100006,167.289993,107.599998,65.279999,103.209999,160.130005,392.899994,20.110001,68.309998,89.059998,91.040001,162.559998,45.349998,299.470001
2020/6/8,299.470001,130.770004,95.949997,162.919998,61.290001,106.989998,211.279999,290.75,166.860001,108.970001,64.760002,104.589996,161.149994,397.779999,19.93,68.07,89.510002,91.650002,159.440002,48.040001,297.160004
2020/6/9,297.160004,128.639999,94.790001,158.100006,58.849998,103.209999,207.339996,285.269989,162.110001,106.669998,63.330002,104.239998,157.690002,397.160004,19.65,64.449997,88.589996,87.080002,158.169998,44.439999,295.579987
2020/6/10,295.579987,127.849998,93.150002,154.119995,54.959999,101.980003,209.429993,286,160.179993,102.879997,62.310001,102.82,156.039993,406.820007,18.309999,63.580002,84.870003,85.139999,157.199997,41.98,278.190002
2020/6/11,278.190002,119.120003,88.089996,143.440002,49.41,94.790001,195.949997,271.940002,151.119995,96.199997,57.619999,94.889999,142.990005,387.670013,17.01,59.799999,80.129997,78.870003,145.570007,35.330002,281.899994
2020/6/12,281.899994,120.93,87.660004,144.509995,52.990002,95.699997,201.589996,270.269989,152.589996,96.610001,58.400002,97.339996,147.009995,406.540009,16.940001,61.25,80.489998,78.589996,147.270004,34.09,284.26001
2020/6/15,284.26001,123.559998,88.279999,146.630005,54.549999,97.830002,199.789993,274.829987,152.720001,97.360001,61.34,98.330002,147.289993,401.339996,17.700001,63.119999,82.389999,79.940002,148.130005,36.439999,289.649994
2020/6/16,289.649994,124.870003,90.739998,149.110001,55.919998,99.120003,204.399994,282.589996,154.990005,98.43,63.560001,100.419998,151.779999,411.670013,18.309999,65.970001,85.120003,82.199997,148.600006,38.400002,288.609985
2020/6/17,288.609985,125.32,89.980003,148.339996,55.080002,97.949997,205.199997,285.640015,154.679993,97.739998,62.68,100.580002,150.679993,413.48999,18.07,63.610001,85.419998,81.410004,147.259995,36.169998,288.779999
2020/6/18,288.779999,125.580002,89.199997,148.229996,53.830002,98.75,202.929993,289.359985,153.110001,97.349998,62.549999,98.989998,151.729996,420.459991,18.389999,63.5,85.139999,81.330002,145.020004,36.349998,287.200012
2020/6/19,287.200012,128.610001,88.529999,145.369995,53.73,98.730003,201.550003,281.589996,153.240005,94.900002,61.330002,100.459999,149,428.01001,18.120001,63.290001,85.580002,80.699997,144.270004,35.169998,289.070007
2020/6/22,289.070007,125.410004,89.330002,144.940002,54.02,97.160004,202.600006,289.359985,153.440002,95.199997,62.029999,100.360001,150.479996,438.640015,18.83,62.599998,85.660004,80.949997,145.559998,35.919998,290.309998
2020/6/23,290.309998,125.610001,89.080002,144.860001,54.860001,96.660004,207.399994,289.660004,154.300003,94.800003,62.669998,101.080002,150.520004,440.549988,18.68,62.689999,85.32,81.660004,147.649994,35.360001,282.809998
2020/6/24,282.809998,121.040001,85.839996,138.350006,50.810001,92.949997,201.839996,285.25,148.759995,91.889999,59.299999,96.629997,144.839996,431.679993,16.610001,59.029999,82.879997,78.07,142.580002,32.299999,285.929993
2020/6/25,285.929993,122.529999,87.139999,142.460007,52.060001,95.830002,217.320007,287.190002,152.190002,92.290001,61.650002,99.099998,147.449997,436.950012,16.33,59.810001,83.639999,78.980003,147.279999,32.700001,277.649994
2020/6/26,277.649994,118.940002,85.790001,138.210007,48.669998,94.580002,212.470001,283.079987,154.759995,92.639999,60.599998,96.559998,144.720001,426.920013,16.030001,57.139999,82.5,78.68,145.710007,30.809999,281.76001
2020/6/29,281.76001,120.82,88.110001,143.240005,49.32,95.440002,212.720001,282.130005,154.389999,94.57,62.880001,97.309998,146.380005,424.200012,17.299999,60.360001,84.830002,80.599998,147.639999,31.809999,286.119995
2020/6/30,286.119995,123.5,89.370003,144.589996,50.09,96.989998,214.720001,291.730011,158.039993,96.559998,63.93,99.620003,148.889999,435.309998,17.67,60.939999,84.800003,81.550003,149.289993,33.220001,287.559998
2020/7/1,287.559998,122.510002,87.589996,144.110001,48.220001,95.529999,214.589996,294.320007,155.839996,95.599998,62.389999,99.360001,149.110001,439.809998,16.940001,60.599998,83.900002,80.059998,144.600006,32.18,288.929993
2020/7/2,288.929993,122.730003,88.959999,145.020004,48.849998,94.089996,215.720001,297.970001,157.889999,97.419998,62.689999,101.139999,150.539993,442.950012,16.709999,61.580002,85.660004,80.879997,147.179993,32.150002,293.519989
2020/7/6,293.519989,125.260002,89.760002,147.220001,50.610001,95.639999,217.550003,301.640015,160.029999,98.529999,64.839996,102.220001,150.729996,452.589996,16.809999,62.990002,84.910004,82.5,148.589996,28.290001,290.339996
2020/7/7,290.339996,122.959999,88.379997,144.970001,48.150002,92.650002,216.330002,299.320007,158.330002,96.830002,63.73,101.860001,147,449.359985,16.190001,59.830002,83.519997,80.830002,145.139999,27.58,292.619995
2020/7/8,292.619995,124.220001,87.989998,145.589996,48.68,88.220001,218.889999,301.899994,157.809998,96.910004,65.120003,99.050003,148.100006,457.679993,15.86,60.68,81.599998,80.089996,146.929993,27.360001,291.049988
2020/7/9,291.049988,122.830002,86.260002,141.369995,46.450001,85.82,219.309998,304.5,157.190002,94.860001,64.150002,97.889999,145.729996,460.839996,15.2,58.27,78.849998,79.059998,142.839996,26.15,294.089996
2020/7/10,294.089996,127.269997,86.900002,142.449997,48.380001,86.970001,220.259995,301.649994,156.940002,95.150002,64.830002,100.190002,147.169998,466.200012,15.53,60.740002,78.57,78.769997,143.740005,26.719999,291.339996
2020/7/13,291.339996,128.130005,88.470001,143.490005,48.18,88.5,215.740005,295.559998,159.440002,96.510002,64.300003,101.599998,145.479996,442.470001,15.71,60.049999,78.730003,79.790001,147.929993,26.59,295.279999
2020/7/14,295.279999,130.639999,91.790001,148.100006,47.52,89.730003,219.160004,301.040009,162.789993,98.639999,66.709999,103.440002,145.479996,433.779999,15.76,60.240002,79.040001,81.470001,152.850006,27.219999,297.970001
2020/7/15,297.970001,132.059998,93.220001,151.929993,50.349998,90.129997,219.759995,301.040009,168.119995,102.18,68.379997,107.870003,148.600006,433.01001,16.82,62.66,81.160004,85.489998,155.619995,28.83,296.959991
2020/7/16,296.959991,132.070007,92.730003,153.080002,50.290001,91.610001,219.110001,295.299988,168.460007,102.370003,69.07,106.18,146.179993,426.290009,16.700001,62.32,82.620003,84.720001,158.419998,28.85,297.820007
2020/7/17,297.820007,133.770004,92.949997,155,48.990002,91.669998,221.940002,301.130005,169.570007,103.580002,69.169998,106.470001,147.600006,432.420013,16.42,59.720001,83.519997,85.580002,160.300003,28.67,300.320007
2020/7/20,300.320007,134.220001,91.43,153.389999,47.490002,90.93,223.429993,309.109985,168.979996,102.540001,69.019997,105.150002,147.449997,455.269989,15.7,57.93,82.980003,85.199997,156.070007,28.25,300.829987
2020/7/21,300.829987,134.949997,92.059998,154.759995,49.009998,91.860001,222.75,305.75,170.149994,103.489998,69.150002,106.199997,147.100006,444.279999,16.58,59.669998,83.959999,86.139999,156.080002,29.98,302.559998
2020/7/22,302.559998,136.199997,93.620003,154.610001,50.700001,93.519997,224.229996,306.890015,169.339996,105.190002,70.519997,107.959999,147.679993,445.049988,16.27,59.689999,84.389999,86.779999,156.360001,29.5,298.859985
2020/7/23,298.859985,134.070007,93.32,153.729996,51.630001,94.669998,222.300003,300.149994,170.910004,105.75,71,107.800003,146.970001,431.73999,16.48,60.139999,84.639999,88.309998,155.130005,28.959999,297.01001
2020/7/24,297.01001,133.970001,92.900002,149.429993,50.82,94.360001,221.440002,293.51001,167.669998,105.510002,71,107.339996,145.429993,430.309998,16.6,59.900002,83.940002,87.269997,154.699997,28.719999,299.209991
2020/7/27,299.209991,134.199997,93.050003,150.759995,51.759998,92.699997,223.320007,300.170013,169.559998,106.25,74.260002,108.449997,145.720001,437.100006,16.25,60.82,84.209999,89.940002,156.490005,28.02,297.269989
2020/7/28,297.269989,133.929993,92.080002,152.009995,50.110001,92.269997,222.179993,298.220001,165.380005,104.769997,72.290001,106.449997,146.649994,432.26001,16.52,60.810001,83.709999,86.910004,154.860001,28.059999,300.970001
2020/7/29,300.970001,135.820007,94.349998,154.580002,51.830002,94,224.380005,306.049988,166.600006,106.879997,75.949997,108.32,137.119995,436.299988,18.059999,61.91,86.720001,89.889999,158.759995,29.719999,299.899994
2020/7/30,299.899994,134.470001,93.900002,149.160004,50.41,92.080002,223.979996,309.670013,164.600006,104.540001,76.989998,105.330002,132.889999,438.880005,17.719999,60.5,85.379997,89.199997,156.690002,29.040001,302.220001
2020/7/31,302.220001,138.100006,93.25,149.369995,49.43,94.389999,224.779999,310.600006,164.820007,102.93,76.5,106.050003,132.910004,444.320007,17.68,60.360001,85.349998,89.07,171.850006,27.91,304.399994
2020/8/3,304.399994,137.399994,94.949997,148.529999,49.5,96.190002,227.179993,315.230011,166.289993,103.139999,78.43,105.739998,134.460007,447.970001,17.610001,59.810001,90.5,89.790001,176.600006,28.120001,305.5
2020/8/4,305.5,137.089996,94.489998,147.330002,48.720001,96.239998,227.149994,308.779999,165.050003,103.330002,77.580002,107.540001,136.740005,446.920013,17.75,59.48,92.360001,91.07,172.759995,29.190001,307.459991
2020/8/5,307.459991,138.970001,96.419998,150.820007,50.450001,94.760002,228.699997,312.269989,166.149994,104.75,78.440002,107.010002,134.770004,449.51001,18.620001,61.939999,92.120003,92.239998,176.589996,30.49,309.470001
2020/8/6,309.470001,138.160004,97.519997,152.580002,50.110001,94.480003,230.889999,315.25,166.520004,105.239998,78.43,108.25,136.520004,464.109985,18.83,59.98,90.470001,91.709999,185.419998,29.110001,309.730011
2020/8/7,309.730011,139.630005,97.790001,155.110001,51.389999,96.910004,231.559998,312.369995,167.539993,108.029999,79.809998,109.769997,137.990005,449.570007,20.02,61.279999,91.32,92.419998,187.039993,29.469999,310.579987
2020/8/10,310.579987,138.660004,99.040001,159.429993,53.77,97.25,230.339996,308.779999,171.210007,110.5,81.019997,110.360001,138.169998,443.290009,20.549999,64.010002,91.120003,94.25,184.490005,30.219999,308.109985
2020/8/11,308.109985,138.960007,99.25,160.279999,55.759998,96.830002,228.570007,301.920013,174.020004,112.360001,81.089996,109.190002,138.100006,435.230011,20.709999,64.459999,90.980003,95.040001,184.479996,30.030001,312.459991
2020/8/12,312.459991,138.449997,101.230003,160.070007,54.490002,96.230003,229.75,308.399994,176.979996,112.57,83.010002,109.459999,139.580002,445.359985,20.67,63.720001,90.489998,95.449997,184.039993,29.940001,311.899994
2020/8/13,311.899994,137.259995,100.959999,158.979996,53.43,96.260002,231.729996,314.769989,174.860001,112.099998,83.330002,110.120003,139.259995,450.019989,19.77,63.830002,89.959999,95.889999,183.130005,28.809999,311.859985
2020/8/14,311.859985,136.940002,101.279999,160.279999,54.299999,96.120003,230.25,313.190002,176.699997,111.519997,83.059998,109.610001,138.960007,447.600006,20.24,64.239998,90,94.760002,183.929993,29.49,312.720001
2020/8/17,312.720001,137.979996,101.400002,158.759995,52.59,95.230003,232.619995,317.359985,174.860001,111.889999,85.629997,109,139.660004,451.579987,20.059999,63.119999,89.970001,94.760002,184.539993,28.98,313.480011
2020/8/18,313.480011,137.240005,101.580002,157.380005,50.939999,94.68,234.229996,320.470001,176.559998,111.050003,83.949997,109.110001,139.949997,463.51001,19.67,62.040001,89.860001,94.040001,182.309998,28.08,312.149994
2020/8/19,312.149994,137.139999,101.010002,156.850006,50.810001,94.279999,234.630005,319.529999,175.789993,110.720001,83.68,108.529999,138.899994,462.01001,19.49,61.400002,89.779999,94.169998,180.75,27.860001,313.149994
2020/8/20,313.149994,136.300003,100.160004,156.169998,49.939999,95.360001,236.610001,328.320007,176.279999,109.989998,83.139999,107.889999,139.149994,478.480011,18.99,61,89.029999,92.389999,180.820007,27.549999,314.23999
2020/8/21,314.23999,134.820007,100.239998,157.5,49.57,94.489998,237.490005,324.5,178.850006,109.940002,85.209999,107.330002,138.080002,473.220001,18.530001,61.66,88.82,93.540001,182.779999,26.879999,317.429993
2020/8/24,317.429993,135.929993,100.800003,159.369995,52.389999,95,237.75,325.25,180.589996,111.029999,85.419998,108.760002,140.660004,476.299988,19.32,65.980003,89.370003,94.68,183.589996,27.26,318.579987
2020/8/25,318.579987,135.75,100.919998,164.529999,52.220001,93.769997,238.210007,326.48999,179.699997,111.230003,85.519997,108.589996,141.059998,484.429993,19.33,64.440002,88.480003,94.910004,183.979996,27.26,321.829987
2020/8/26,321.829987,136.190002,101.010002,165.309998,51.529999,93.010002,240.449997,331.480011,180,111.480003,85.669998,108.690002,139.610001,528.48999,18.49,64.059998,88.440002,95.800003,183.179993,26.559999,322.390015
2020/8/27,322.390015,138.139999,100.910004,165.990005,53.709999,94.129997,240.869995,332.339996,178.740005,111.519997,84.860001,109.410004,141.009995,510.320007,18.66,66.620003,89.080002,95.449997,182.440002,27.040001,324.589996
2020/8/28,324.589996,139.110001,101.93,168.380005,54.25,94.300003,242.990005,336.709991,180.889999,111.379997,85.410004,109.150002,141.339996,516.440002,18.75,67.940002,89.459999,97.940002,184.25,28.08,324.589996
2020/8/31,324.589996,139.210007,100.699997,165.550003,53.080002,93,239.929993,339.01001,180.229996,109.839996,84.080002,106.860001,139.089996,513.390015,18.27,65.75,90.269997,96.599998,182.039993,27.48,326.350006
2020/9/1,326.350006,139.179993,102.019997,167.970001,52.970001,92.959999,240.020004,343.890015,182.080002,111.419998,85.739998,110.150002,138.529999,527.950012,18.299999,66.559998,91.440002,98.510002,184.300003,27.15,331.399994
2020/9/2,331.399994,141.139999,103.080002,172.470001,53.68,94.589996,247.179993,350.589996,184.169998,113.400002,86.410004,112.260002,142.479996,533.799988,18.52,68.410004,93.110001,100.639999,193.779999,27.309999,319.820007
2020/9/3,319.820007,135.080002,99.889999,166.300003,55.419998,93.339996,238.979996,332.140015,180.149994,109.75,82.980003,109.43,139.139999,507.799988,18.459999,68.540001,91,97.830002,188.619995,26.91,317.220001
2020/9/4,317.220001,132.270004,99.470001,166.690002,57.119999,93.809998,236.070007,321.209991,177.619995,109.620003,82.559998,108.480003,138.529999,491.940002,18.48,68.220001,91.959999,98.75,188,26.76,308.420013
2020/9/8,308.420013,127.959999,96.989998,164.270004,55.110001,91.25,232.649994,308.609985,176.009995,108.139999,81.400002,105.639999,135.889999,462.130005,17.870001,68.379997,90.620003,95.400002,185.169998,26.15,314.649994
2020/9/9,314.649994,129.240005,99.349998,165.75,55.040001,92.540001,238.910004,320.049988,179.690002,111.510002,82.550003,107.910004,137.259995,479.459991,17.74,68,92.800003,98.050003,185.470001,26.48,309.130005
2020/9/10,309.130005,125.639999,98.110001,164.270004,54.07,92.620003,233.649994,317.420013,177.399994,110.879997,81.949997,107.760002,131.899994,476.26001,17.18,68.389999,91.120003,96.800003,185.169998,26.030001,309.309998
2020/9/11,309.309998,125.739998,99.910004,166.449997,54.740002,93.82,234.770004,314.079987,181.119995,112.800003,82.610001,108.559998,133.440002,471.350006,16.950001,70.029999,92.800003,97.830002,186.059998,26.34,313.339996
2020/9/14,313.339996,127.410004,101.389999,168.470001,57.990002,94.949997,238.830002,321.600006,184.100006,113.690002,83.769997,110.529999,136.570007,485.910004,17.309999,73.209999,94.029999,99.580002,187.220001,27.299999,314.98999
2020/9/15,314.98999,126.739998,102.32,168.300003,57.049999,94.839996,240.199997,328.209991,186.210007,113.980003,84.080002,111.800003,136.970001,497.670013,16.99,74.790001,94.870003,100.949997,187.399994,26.290001,313.540009
2020/9/16,313.540009,128.179993,102.339996,170,59.220001,95.910004,239.419998,317.890015,186.460007,115.339996,85.209999,110.669998,137.710007,476,17.17,76.440002,94.639999,101.870003,186.649994,28.07,310.910004
2020/9/17,310.910004,127.459999,102.330002,170.339996,59.540001,92.800003,236.820007,308.880005,186.520004,115.379997,84.769997,112.849998,137.869995,474.299988,17.02,74.589996,94.379997,101.089996,184.539993,28.030001,307.429993
2020/9/18,307.429993,127.970001,100.709999,168.699997,59.029999,91.279999,236.179993,305.079987,186.039993,112.599998,84.32,110.559998,135.089996,467.549988,16.559999,72.129997,94.110001,98.589996,182.839996,27.540001,303.890015
2020/9/21,303.890015,124.739998,96.239998,161.369995,55.02,92.029999,233.910004,309.190002,178.25,107.449997,82.339996,106.449997,131.029999,475.640015,15.84,68.690002,89.290001,96.370003,180.529999,26.440001,307.079987
2020/9/22,307.079987,125.480003,97.239998,162.679993,54.52,92.339996,236.919998,315.440002,180.339996,107.559998,84.5,107.550003,132.910004,486.779999,15.53,69.279999,91.330002,96.330002,181.080002,25.67,299.820007
2020/9/23,299.820007,122.889999,95.32,158.789993,53.23,89.620003,230.649994,302.549988,176.509995,106.949997,82.389999,104.510002,128.720001,470.390015,14.93,69.07,89.269997,93.959999,180.619995,24.540001,300.730011
2020/9/24,300.730011,123.43,96.230003,158.759995,53.139999,89.980003,214.419998,304.410004,177.759995,107.139999,82.059998,104.050003,130.800003,467.670013,15.12,69.370003,90.019997,94.18,182.759995,24.48,305.540009
2020/9/25,305.540009,125.220001,97.489998,161.490005,54.130001,91.279999,214.630005,312.160004,179.029999,108.5,83.139999,105.419998,134.539993,479.779999,15.24,70.540001,90.419998,95.370003,183.369995,25.01,309.230011
2020/9/28,309.230011,128.550003,99.489998,164.639999,56.459999,93.220001,222.779999,318.799988,181.320007,108.779999,85.82,106.32,137.309998,488.51001,16.02,71.190002,92.470001,97.089996,184.880005,26.01,307.779999
2020/9/29,307.779999,127.489998,99.889999,164.509995,55.639999,93.440002,224.080002,319.51001,181.75,108.239998,85.25,105.309998,137.539993,489.329987,15.69,69.660004,92.980003,97.449997,182.770004,26.67,310.329987
2020/9/30,310.329987,128.220001,99.400002,164.610001,57.779999,94.139999,225.990005,327.230011,182.410004,108.339996,86.519997,105.910004,139.490005,490.429993,15.58,70.25,92.769997,97.739998,180.830002,25.98,312
2020/10/1,312,128.039993,99.849998,163.679993,58.91,92.260002,225.179993,334.799988,178.119995,107.139999,87.669998,103.190002,137.699997,499.51001,15.75,71.580002,91.449997,98.550003,179.449997,25.27,309.019989
2020/10/2,309.019989,129.089996,100.779999,165.610001,60.919998,93.019997,222.399994,321.579987,179.919998,110.050003,87.519997,103.610001,138.669998,478.98999,16.15,72.529999,94.239998,98.360001,180.919998,26.530001,314.600006
2020/10/5,314.600006,133.509995,103.5,168.720001,63.169998,93.68,223.490005,323.869995,182.910004,111.330002,88.809998,105.330002,140.960007,486.470001,17.17,74.910004,96.370003,101.370003,181.169998,27.610001,310.209991
2020/10/6,310.209991,133.869995,104.330002,166.889999,61.099998,92.650002,220.350006,316.470001,183.800003,110.089996,87.18,103.82,142.259995,478.980011,17.190001,74.660004,95.269997,101.830002,179.600006,27.059999,315.609985
2020/10/7,315.609985,137.229996,106.540001,171.550003,63.720001,93.290001,223.449997,330.399994,189.179993,111.699997,87.599998,106.279999,143.729996,493.149994,17.51,76.959999,97.330002,104.550003,183.380005,27.809999,318.23999
2020/10/8,318.23999,140.830002,106.5,173.779999,65.410004,93.580002,225.610001,333.540009,190,112.93,89.330002,106.059998,147.009995,490.839996,17.780001,78.330002,98.989998,106.010002,184.059998,29.41,321.040009
2020/10/9,321.040009,142.210007,106.940002,174.380005,64.889999,92.860001,228.690002,336.820007,190.410004,113.080002,88.690002,108.019997,149.850006,502.160004,17.49,77.610001,99.32,107.349998,186.639999,29.049999,326.309998
2020/10/12,326.309998,143.089996,107.629997,175.360001,64.629997,94.260002,230.589996,347.859985,189.179993,113.970001,89.129997,109.029999,150.580002,510.890015,17.709999,77.870003,100.779999,107.330002,183.539993,29.17,324.25
2020/10/13,324.25,144.179993,106.160004,171.550003,64.129997,91.790001,229.380005,351.309998,186.199997,112.43,88.279999,108.480003,149.690002,514.309998,17.049999,76.82,99.279999,106.379997,182.830002,29.450001,322.130005
2020/10/14,322.130005,144.649994,107.900002,173.470001,64.330002,91.279999,229.429993,351.399994,188.149994,113.620003,88.5,109.43,148.509995,506.309998,16.93,75.739998,98.910004,105.650002,184.399994,29.950001,321.649994
2020/10/15,321.649994,146.889999,109.010002,172.610001,64.589996,91.709999,228.770004,351.700012,189.619995,113.900002,89.809998,109.07,147.389999,501.149994,17.870001,77.739998,99.370003,107.129997,184.009995,29.82,321.690002
2020/10/16,321.690002,147.029999,109.849998,174.860001,65.480003,92.580002,230.050003,349.720001,192.729996,114.07,90.260002,108.910004,148.419998,502.820007,18.049999,75.82,99.330002,107.760002,179.009995,28.9,316.440002
2020/10/19,316.440002,144.270004,107.550003,171.589996,63.560001,91.419998,226.240005,336.25,189.740005,112.769997,86.919998,107.870003,145.050003,495.200012,18.01,72.540001,97.730003,105.43,179.589996,28.290001,317.940002
2020/10/20,317.940002,146.740005,108.699997,173.259995,63,91.080002,230.389999,331.959991,190.940002,114.239998,87.629997,107.160004,146.619995,494.579987,18.48,72.370003,97.959999,106.019997,181.860001,28.92,317.25
2020/10/21,317.25,145.960007,107.150002,172.869995,60.599998,90.760002,233.100006,327.859985,190.449997,113.730003,85.910004,106.739998,146.850006,495.959991,18.08,72.75,97.660004,105.900002,182.080002,28.43,318.929993
2020/10/22,318.929993,146.360001,107.010002,176.850006,66.160004,91.690002,228.139999,326.779999,189.070007,115.239998,85.269997,107.489998,148.850006,483.600006,18.969999,73.959999,98.529999,106.290001,182.300003,30.67,320.029999
2020/10/23,320.029999,148.100006,107.760002,175.539993,68,91.25,229.699997,330.220001,191.630005,116.269997,85.470001,107.779999,149.199997,488.5,19.219999,74.830002,99.209999,106.300003,184.460007,30.549999,314.079987
2020/10/26,314.079987,145.029999,105.099998,170.169998,65.879997,90.82,219.229996,321,190.080002,113.82,82.080002,105.360001,145.770004,475.200012,18.959999,73.75,96.540001,103.970001,179.789993,29.51,313.140015
2020/10/27,313.140015,142.300003,102.589996,166.75,65.260002,89.040001,220.660004,322.170013,186,111.550003,81.809998,104.440002,146.029999,478.559998,18.219999,72.379997,95.639999,101.669998,176.149994,29.32,302.079987
2020/10/28,302.079987,137.139999,98.190002,161.160004,62.529999,88,213.940002,308.029999,172.570007,109.290001,81.410004,102.300003,155.080002,456.970001,17.66,68.389999,93.199997,96.870003,173.259995,29.09,305.720001
2020/10/29,305.720001,131.440002,98.910004,164.600006,64.010002,88.589996,216.440002,310.850006,168.729996,110.089996,81.879997,103.629997,158.190002,461.109985,18.07,68.860001,94.730003,96.050003,175.210007,30.4,302.040009
2020/10/30,302.040009,126.660004,98.199997,164.949997,65.010002,88.75,216.910004,304.369995,170.389999,110.709999,80.870003,102.739998,157.960007,447.100006,17.99,67.199997,95,96.879997,176.139999,29,305.76001
2020/11/2,305.76001,128.970001,102.269997,173.610001,67.209999,90.900002,220.190002,311.230011,178.759995,114.870003,84.580002,106.949997,161.460007,444.940002,18.68,68.769997,99.120003,99.5,178.119995,29.23,311.209991
2020/11/3,311.209991,132.149994,105.290001,179.210007,69.360001,92.919998,225.710007,315.910004,180.419998,117.160004,84.940002,104.650002,166.479996,454.019989,18.9,70.75,101.940002,101.779999,183.520004,28.92,318.070007
2020/11/4,318.070007,135.809998,105.389999,178.910004,67.870003,92.040001,227.919998,329.25,176.899994,114.07,87.790001,104.870003,164.580002,487.230011,17.549999,69.580002,95.650002,101.349998,179.619995,28.6,324.320007
2020/11/5,324.320007,137.380005,109.050003,183.279999,68.5,90.410004,233.990005,328.350006,177.770004,117.370003,89.129997,109.139999,162.710007,496.470001,18.25,71.440002,97.760002,104.779999,183.610001,28.540001,324.190002
2020/11/6,324.190002,133.740005,110.32,184.270004,67.910004,91.150002,236.289993,336.799988,183.020004,116.419998,88.139999,108.660004,166.229996,494.630005,17.82,70.010002,97.610001,105.300003,183.429993,26.889999,328.079987
2020/11/9,328.079987,137.029999,114.07,196.990005,76.190002,93.889999,240.220001,328.470001,187.809998,119.720001,80.059998,109.839996,169.889999,471.140015,20.540001,77.809998,100.129997,105.860001,184.309998,31.35,327.679993
2020/11/10,327.679993,136.899994,116.449997,201.979996,76.339996,94.440002,238.710007,319.429993,195.960007,119.809998,79.699997,109.349998,171.070007,452,21.42,77.529999,101.610001,106.879997,187.789993,32.540001,330.179993
2020/11/11,330.179993,140.460007,116.760002,199.289993,74.25,94.370003,242.75,328.959991,191.440002,120.870003,83.050003,108.809998,171.869995,467.75,20.82,76.989998,98.849998,108.620003,188.020004,32.119999,326.950012
2020/11/12,326.950012,137.529999,115.449997,197.240005,73.389999,94.809998,238.149994,323.640015,189.039993,120,82.330002,106.809998,169.429993,462.579987,20.190001,76.160004,99.260002,106.330002,186.539993,30.77,331.429993
2020/11/13,331.429993,140.429993,117.269997,201.539993,76.610001,96.709999,241.779999,328.209991,193.169998,122.279999,83.800003,108.599998,171.630005,469.339996,20.639999,79.510002,103.269997,109.540001,187.070007,31.66,335.299988
2020/11/16,335.299988,143.850006,120.080002,208.589996,77.769997,98.059998,244.949997,322.670013,197.259995,125.800003,82.610001,111.989998,177.050003,460.950012,21.84,82.279999,107.209999,111.050003,188.330002,32.349998,333.73999
2020/11/17,333.73999,141.529999,118.760002,205.330002,77.099998,99.370003,243.820007,319.790009,197.190002,125.410004,83.389999,115.690002,176.149994,467.950012,21.379999,85.110001,105.300003,111.18,191.570007,33.310001,329.940002
2020/11/18,329.940002,139.789993,119.239998,201.110001,76.080002,100.07,239.729996,317.98999,197.460007,124.360001,83.32,115.269997,173.160004,459.470001,20.959999,85.559998,105.239998,110.309998,188.550003,32.310001,331.26001
2020/11/19,331.26001,139.529999,118.18,202.720001,76.760002,100.370003,243.199997,324.119995,196.070007,124.68,85.110001,115.32,173.630005,466.410004,21.16,84.959999,105.150002,111.339996,189.059998,33.299999,329.01001
2020/11/20,329.01001,137.460007,117.419998,202,74.800003,100.18,243.440002,318.26001,193.970001,123.480003,84.459999,113.75,171.270004,462.920013,21.129999,84.870003,103.800003,110.68,188.449997,32.959999,330.899994
2020/11/23,330.899994,139.369995,117.790001,204.580002,78.120003,101.309998,246.199997,313.420013,193.380005,123.43,86.110001,116.059998,172.059998,460.609985,21.27,86.550003,104.510002,112.970001,186.240005,35.18,330.9
2020/11/24,330.9,141.684998,120.000099,207.729996,80.875,104.379997,248.567093,321.119995,195.550003,126.57,85.849998,118.169998,173.929993,460.920013,22.26,89.040001,106.900002,116.014999,187.009995,37.349998,330.9
