Date,VFINX(t-1),TROW(t-1),AME(t-1),HON(t-1),DFS(t-1),ALL(t-1),ACN(t-1),ANSS(t-1),IEX(t-1),DOV(t-1),FBHS(t-1),FMC(t-1),ADP(t-1),ADBE(t-1),PFG(t-1),VFC(t-1),J(t-1),TEL(t-1),KSU(t-1),OKE(t-1),VFINX
2018-10-02,260.2394714355469,103.53855895996094,78.5686264038086,154.32127380371094,72.77650451660156,94.53958892822266,167.1138458251953,186.0,146.9739227294922,84.68367004394531,50.652557373046875,73.11576843261719,144.15020751953125,275.489990234375,53.5367317199707,83.7029037475586,75.73109436035156,83.19480895996094,113.99571228027344,57.92527389526367,260.14312744140625
2018-10-03,260.14312744140625,104.82030487060547,78.5390396118164,153.9411163330078,73.34557342529297,94.84662628173828,166.7671356201172,182.2100067138672,145.81649780273438,84.68367004394531,51.24357223510742,74.69925689697266,145.1351776123047,272.0,53.77427673339844,83.3803482055664,75.86868286132812,83.2714614868164,111.9429702758789,57.0263557434082,260.32623291015625
2018-10-04,260.32623291015625,105.34806823730469,78.67704772949219,153.3384246826172,73.99053955078125,94.81783294677734,167.72061157226562,182.22000122070312,146.83775329589844,84.6356201171875,51.602046966552734,76.64111328125,144.96304321289062,270.510009765625,54.642189025878906,84.04338073730469,76.28144073486328,83.16606140136719,110.9459228515625,57.4884147644043,258.25445556640625
2018-10-05,258.25445556640625,104.42447662353516,78.11520385742188,152.71722412109375,73.73445129394531,95.4127426147461,165.52467346191406,175.3800048828125,145.7289581298828,84.69326782226562,50.8657112121582,76.06605529785156,143.65293884277344,263.7099914550781,55.336517333984375,81.93782043457031,76.51729583740234,82.5528564453125,111.44445037841797,57.530418395996094,256.8379821777344
2018-10-08,256.8379821777344,103.02962493896484,77.5238037109375,152.12384033203125,72.86184692382812,95.5566635131836,164.91787719726562,173.75,144.00741577148438,83.99198150634766,50.00341796875,75.55767822265625,144.3892822265625,263.2200012207031,54.81576919555664,81.95572662353516,75.2200698852539,80.66532897949219,109.57743072509766,57.63963317871094,256.7319641113281
2018-10-09,256.7319641113281,102.9448013305664,76.80424499511719,152.85629272460938,73.03257751464844,96.0363998413086,163.63690185546875,168.27000427246094,141.8092803955078,83.94393920898438,50.129371643066406,75.55767822265625,142.7731475830078,254.69000244140625,55.409610748291016,82.78003692626953,75.7507553100586,80.47370910644531,109.6556396484375,57.46320724487305,256.44287109375
2018-10-10,256.44287109375,101.7761459350586,75.70027160644531,149.22171020507812,72.64371490478516,96.39141082763672,162.57748413085938,165.83999633789062,139.50411987304688,82.29158020019531,48.41447067260742,72.49903106689453,143.57643127441406,254.16000366210938,55.00762176513672,82.95027160644531,75.3379898071289,78.93111419677734,107.06525421142578,57.73204803466797,248.01141357421875
2018-10-11,248.01141357421875,95.70671844482422,73.1177978515625,145.21624755859375,71.62883758544922,92.94681549072266,155.77772521972656,155.7100067138672,136.28475952148438,79.50559997558594,47.61030578613281,70.27381896972656,135.58187866210938,237.91000366210938,53.591552734375,77.26974487304688,72.98920440673828,77.49390411376953,102.11912536621094,56.54749298095703,242.91392517089844
2018-10-12,242.91392517089844,92.8416519165039,70.8211669921875,142.43472290039062,70.35787963867188,89.39666748046875,150.24932861328125,153.50999450683594,130.50730895996094,78.1414566040039,46.50579833984375,69.30703735351562,132.13926696777344,238.58999633789062,50.8142204284668,76.57982635498047,70.945068359375,75.36685943603516,100.63331604003906,54.79167556762695,246.38290405273438
2018-10-15,246.38290405273438,94.4438247680664,71.75756072998047,144.82684326171875,70.69933319091797,89.38706970214844,153.56251525878906,158.89999389648438,132.75411987304688,78.94842529296875,46.14731216430664,70.72384643554688,134.5682373046875,248.8699951171875,50.37569046020508,78.33595275878906,70.75834655761719,75.60637664794922,100.26187896728516,54.623653411865234,244.93751525878906
2018-10-16,244.93751525878906,94.87734985351562,71.22530364990234,144.8361358642578,70.19664764404297,89.03204345703125,152.0985565185547,156.50999450683594,131.89547729492188,78.80431365966797,46.47672653198242,70.03211975097656,134.11878967285156,238.00999450683594,49.864078521728516,78.49723052978516,71.69197845458984,75.32852935791016,102.392822265625,54.447227478027344,250.20840454101562
2018-10-17,250.20840454101562,96.09312438964844,72.40811920166016,147.94219970703125,71.7047119140625,91.28688049316406,155.2576141357422,159.0,133.4761199951172,79.96672821044922,47.377777099609375,70.59050750732422,137.0163116455078,260.6700134277344,49.854942321777344,80.32504272460938,73.04817199707031,76.70823669433594,102.91089630126953,56.67351150512695,250.1505889892578
2018-10-18,250.1505889892578,96.75285339355469,72.26026153564453,146.5421600341797,71.97978210449219,91.87217712402344,154.44119262695312,158.85000610351562,134.0225067138672,78.9964599609375,46.56393051147461,69.69041442871094,137.37969970703125,258.9100036621094,50.32087707519531,79.99352264404297,72.57645416259766,76.21958923339844,101.66947937011719,56.30385971069336,246.57562255859375
2018-10-19,246.57562255859375,94.10452270507812,70.24948120117188,143.890380859375,71.07872772216797,92.69735717773438,151.81695556640625,153.80999755859375,131.10513305664062,80.2069091796875,45.17844009399414,68.90699005126953,136.67205810546875,250.35000610351562,49.17888259887695,78.03131866455078,71.82955932617188,75.3189468383789,100.3694076538086,56.219852447509766,246.4888916015625
2018-10-22,246.4888916015625,94.30245971679688,69.59892272949219,142.29563903808594,72.112548828125,93.37859344482422,153.83859252929688,150.5800018310547,129.6318359375,79.16938018798828,44.974971771240234,67.79855346679688,137.14064025878906,245.02999877929688,48.93220901489258,69.67178344726562,71.03352355957031,74.3033218383789,103.73199462890625,56.95075225830078,245.42893981933594
2018-10-23,245.42893981933594,93.6804428100586,69.4905014038086,141.49826049804688,70.49066925048828,92.82208251953125,155.07296752929688,152.88999938964844,130.30506896972656,79.50559997558594,44.33551788330078,66.52342987060547,137.6953125,251.05999755859375,48.000343322753906,69.5284194946289,75.87850952148438,74.23624420166016,103.0575180053711,56.27025604248047,244.08949279785156
2018-10-24,244.08949279785156,92.19132995605469,67.0361557006836,139.6345977783203,70.19664764404297,92.17921447753906,153.6539306640625,150.72999572753906,126.26567077636719,79.36151123046875,45.120304107666016,65.74834442138672,136.2130584716797,251.75999450683594,46.949710845947266,69.6269760131836,74.5124740600586,73.50806427001953,101.02433013916016,55.362945556640625,236.56381225585938
2018-10-25,236.56381225585938,88.46863555908203,64.44380187988281,134.757568359375,68.6221694946289,88.36039733886719,148.82339477539062,144.0,124.04106903076172,77.68033599853516,43.7929573059082,62.681373596191406,131.6324462890625,238.44000244140625,44.7022590637207,69.1700210571289,71.27922058105469,71.04566955566406,99.55809020996094,53.46430969238281,240.95782470703125
2018-10-26,240.95782470703125,90.023681640625,65.47877502441406,136.7417755126953,69.44734191894531,89.08963012695312,152.51675415039062,146.8300018310547,123.77763366699219,78.50650787353516,45.31407928466797,63.373111724853516,134.34829711914062,252.9199981689453,45.1590576171875,71.12327575683594,73.93265533447266,72.6457290649414,101.366455078125,54.279212951660156,236.78543090820312
2018-10-29,236.78543090820312,88.46863555908203,65.77448272705078,135.40660095214844,63.94619369506836,88.5906753540039,150.11605834960938,143.50999450683594,124.27523803710938,78.83313751220703,40.28564453125,63.16475296020508,130.38925170898438,245.8000030517578,42.00714874267578,71.06055450439453,72.63542175292969,71.72593688964844,99.94908905029297,53.212276458740234,235.2340545654297
2018-10-30,235.2340545654297,88.37438201904297,64.75922393798828,134.97447204589844,64.42042541503906,89.7516860961914,148.4540557861328,143.80999755859375,121.97259521484375,78.39122772216797,40.12093734741211,63.54811477661133,129.3851776123047,239.75,41.84270477294922,72.64645385742188,71.15145111083984,72.51161193847656,96.6353530883789,53.1198616027832,238.9439239501953
2018-10-31,238.9439239501953,90.68341827392578,65.42948913574219,136.79249572753906,65.61550903320312,91.62271881103516,150.28131103515625,146.1999969482422,122.20674896240234,79.76499938964844,42.79501724243164,64.41487121582031,131.25949096679688,238.41000366210938,42.253822326660156,73.89186096191406,72.8614501953125,74.8973617553711,99.02046203613281,53.15346908569336,241.53598022460938
2018-11-01,241.53598022460938,91.40910339355469,66.11947631835938,138.57225036621094,66.08025360107422,91.84339904785156,153.19711303710938,149.5500030517578,123.73859405517578,79.58247375488281,43.43448257446289,65.07327270507812,137.78135681152344,245.75999450683594,43.00297546386719,74.25922393798828,73.7950668334961,72.26248931884766,99.66561126708984,55.11091613769531,244.08949279785156
2018-11-02,244.08949279785156,92.37982940673828,70.60431671142578,138.2182159423828,66.49758911132812,86.32625579833984,154.13018798828125,153.13999938964844,128.75372314453125,80.12044525146484,45.46910095214844,67.94857025146484,134.74993896484375,245.27999877929688,44.0079231262207,76.2662124633789,74.22747039794922,74.01587677001953,100.77996063232422,54.447227478027344,242.57669067382812
2018-11-05,242.57669067382812,91.35255432128906,71.58999633789062,139.2037811279297,65.19817352294922,85.92327117919922,152.9735870361328,155.27999877929688,130.86123657226562,81.24443817138672,44.27739334106445,67.05682373046875,134.5682373046875,239.63999938964844,43.45063400268555,76.50813293457031,73.84420013427734,74.19792175292969,101.02433013916016,53.23408126831055,243.9353485107422
2018-11-06,243.9353485107422,91.81436157226562,72.4573974609375,140.83042907714844,65.61550903320312,86.729248046875,154.14962768554688,153.2100067138672,130.6856231689453,81.42697143554688,44.27739334106445,67.08181762695312,135.22805786132812,239.88999938964844,43.88916015625,77.46685028076172,75.48541259765625,75.37641906738281,99.79267883300781,54.442970275878906,245.48672485351562
2018-11-07,245.48672485351562,93.42595672607422,73.57120513916016,142.045654296875,65.98541259765625,87.34333801269531,154.9466094970703,152.91000366210938,131.19297790527344,82.44528198242188,43.73482131958008,69.69874572753906,137.6283416748047,240.55999755859375,44.10841751098633,76.57085418701172,78.15850067138672,75.11772155761719,99.50921630859375,54.22162628173828,250.69020080566406
2018-11-08,250.69020080566406,95.65959167480469,74.1626205444336,143.72015380859375,67.09512329101562,88.77298736572266,159.27174377441406,159.8000030517578,135.173828125,83.43477630615234,44.083614349365234,69.95709991455078,141.81686401367188,253.42999267578125,45.140785217285156,77.22494506835938,79.52452850341797,76.8711166381836,101.2686996459961,54.545135498046875,250.18914794921875
2018-11-09,250.18914794921875,94.1422348022461,73.896484375,144.05508422851562,67.54090881347656,89.90519714355469,159.88406372070312,169.67999267578125,133.2126922607422,83.35791778564453,42.6981315612793,69.7320785522461,141.42478942871094,249.9600067138672,45.25041198730469,77.60124206542969,78.06023406982422,76.92859649658203,101.71835327148438,54.46000671386719,247.93426513671875
2018-11-12,247.93426513671875,92.81336212158203,73.3839340209961,143.83497619628906,66.92439270019531,89.92439270019531,160.5158233642578,165.86000061035156,132.23696899414062,83.02169036865234,42.13618469238281,69.64874267578125,140.75538635253906,244.83999633789062,45.04029083251953,75.40607452392578,75.91780090332031,75.81716918945312,100.1152572631836,53.7108268737793,243.04884338378906
2018-11-13,243.04884338378906,90.08023834228516,71.69842529296875,141.7394561767578,65.76725769042969,87.85186004638672,157.88186645507812,159.08999633789062,129.7587127685547,81.93611907958984,41.48704147338867,68.53196716308594,137.8673858642578,236.6699981689453,44.382503509521484,74.90434265136719,73.80490112304688,73.45057678222656,97.32938385009766,53.114891052246094,242.6923065185547
2018-11-14,242.6923065185547,90.34412384033203,71.76741027832031,141.3088836669922,66.33634948730469,87.67915344238281,156.91966247558594,159.27000427246094,129.4464569091797,81.96495056152344,41.806766510009766,67.70687866210938,138.3933563232422,238.74000549316406,44.76620864868164,74.82369232177734,73.37249755859375,73.6038818359375,96.09774017333984,51.94004440307617,240.91928100585938
2018-11-15,240.91928100585938,89.10008239746094,71.92512512207031,141.1653289794922,65.625,85.05013275146484,155.7921905517578,155.75,130.49044799804688,81.41736602783203,41.138248443603516,67.49018859863281,136.48080444335938,235.22000122070312,44.14496994018555,75.13728332519531,72.0457534790039,72.89485931396484,95.01273345947266,51.39518737792969,243.5499267578125
2018-11-16,243.5499267578125,90.5326156616211,73.33466339111328,142.18527221679688,67.07615661621094,85.67381286621094,157.93043518066406,160.24000549316406,132.76385498046875,82.80072784423828,41.700191497802734,68.8986587524414,140.812744140625,239.9499969482422,44.32768630981445,75.32544708251953,73.70661926269531,73.61346435546875,98.24824523925781,52.238014221191406,244.10879516601562
2018-11-19,244.10879516601562,90.35354614257812,73.31492614746094,142.93580627441406,67.07615661621094,85.87529754638672,160.3700408935547,158.25,133.43707275390625,84.17449951171875,41.28358459472656,69.34037780761719,140.1433868408203,238.88999938964844,44.07188415527344,73.73059844970703,72.9007568359375,74.39913940429688,98.57080078125,52.9531364440918,240.0520477294922
2018-11-20,240.0520477294922,89.49591827392578,71.5604248046875,141.89663696289062,66.3742904663086,84.8678207397461,158.20262145996094,149.7100067138672,131.3393096923828,83.13697052001953,41.42891311645508,68.25692749023438,137.16932678222656,219.69000244140625,44.784481048583984,71.68775177001953,71.67230987548828,71.4959945678711,96.7526626586914,53.021244049072266,235.70620727539062
2018-11-21,235.70620727539062,86.70623779296875,70.21989440917969,138.6058807373047,65.09602355957031,84.52239990234375,154.44119262695312,149.4499969482422,128.78298950195312,81.45578002929688,41.39985275268555,65.50664520263672,134.37698364257812,219.72999572753906,43.85261535644531,70.32584381103516,63.9282112121582,71.29478454589844,94.47509002685547,51.36964797973633,236.43853759765625
2018-11-23,236.43853759765625,89.07180786132812,71.21543884277344,138.6540069580078,65.63976287841797,84.50320434570312,152.5750732421875,152.00999450683594,129.78797912597656,81.6767349243164,41.94240951538086,66.22339630126953,134.91249084472656,225.97999572753906,44.28200149536133,71.23974609375,64.08544921875,72.4224624633789,96.49851989746094,51.92301940917969,234.9064178466797
2018-11-26,234.9064178466797,89.20374298095703,70.6338882446289,137.84573364257812,65.35358428955078,84.1769790649414,152.52645874023438,150.44000244140625,128.2073211669922,81.23483276367188,41.85520935058594,66.4067611694336,134.73077392578125,225.55999755859375,44.135833740234375,70.75592041015625,63.57441329956055,72.24897766113281,95.99021911621094,50.313995361328125,238.5777130126953
2018-11-27,238.5777130126953,90.4383773803711,71.12673950195312,137.8072509765625,67.39498901367188,84.83902740478516,153.95523071289062,154.2100067138672,130.01235961914062,80.65843200683594,42.591556549072266,67.8402328491211,138.32644653320312,231.9600067138672,44.75707244873047,72.14469146728516,64.14440155029297,72.70196533203125,98.28733825683594,50.68006896972656,239.35824584960938
2018-11-28,239.35824584960938,89.41109466552734,70.35789489746094,137.48971557617188,67.62393951416016,83.95629119873047,154.6453094482422,151.75,128.62689208984375,80.09162139892578,41.81645584106445,67.09848022460938,138.96714782714844,232.25,44.656578063964844,70.80072021484375,63.57441329956055,71.29478454589844,98.12116241455078,50.86735534667969,244.8700408935547
2018-11-29,244.8700408935547,92.6814193725586,72.87138366699219,138.846435546875,68.73049926757812,85.54907989501953,157.65834045410156,160.49000549316406,131.3393096923828,81.08112335205078,42.833770751953125,69.32369232177734,142.11329650878906,249.2100067138672,46.008705139160156,71.76837921142578,65.03872680664062,73.23208618164062,100.43782806396484,51.522891998291016,244.39788818359375
2018-11-30,244.39788818359375,92.23847198486328,72.17154693603516,140.2320098876953,67.93872833251953,85.33687591552734,156.55030822753906,159.39999389648438,131.0953826904297,81.19705963134766,42.25953674316406,69.2153549194336,139.47396850585938,249.08999633789062,45.387454986572266,71.19495391845703,63.97734451293945,72.96219635009766,98.90315246582031,52.22098922729492,246.4310760498047
2018-12-03,246.4310760498047,93.64273834228516,72.37853240966797,141.20382690429688,68.0150375366211,86.02165222167969,159.90350341796875,162.02000427246094,134.06150817871094,82.01830291748047,42.62938690185547,68.95700073242188,140.975341796875,250.88999938964844,45.5537109375,72.83460998535156,64.53752136230469,74.14772033691406,100.73107147216797,52.297611236572266,249.12916564941406
2018-12-04,249.12916564941406,93.8500747680664,75.00045776367188,143.34954833984375,68.38707733154297,85.60694122314453,162.13897705078125,163.4199981689453,135.8080291748047,83.24535369873047,43.709720611572266,71.39058685302734,140.96575927734375,255.25999450683594,44.620845794677734,74.39360809326172,64.84217834472656,75.01518249511719,101.21983337402344,53.42136764526367,241.08309936523438
2018-12-06,241.08309936523438,89.78807830810547,71.04788208007812,137.28765869140625,63.32171630859375,83.33078002929688,159.60220336914062,156.63999938964844,131.22227478027344,80.6656723022461,41.101348876953125,69.35704803466797,137.33189392089844,245.82000732421875,42.36716842651367,71.98341369628906,61.68752670288086,71.48753356933594,98.48283386230469,51.59099578857422,240.78439331054688
2018-12-07,240.78439331054688,89.40166473388672,70.60345458984375,136.20999145507812,63.42665481567383,82.06730651855469,154.78138732910156,158.19000244140625,131.75888061523438,79.07147979736328,41.40306091308594,68.78197479248047,136.9207000732422,250.6300048828125,41.591312408447266,71.63398742675781,59.86942672729492,72.96219635009766,98.10160064697266,50.54384994506836,235.20513916015625
2018-12-10,235.20513916015625,87.9125747680664,69.97138977050781,133.4676971435547,61.8526611328125,80.83277893066406,153.0319061279297,152.3699951171875,130.39288330078125,76.8106460571289,41.45172882080078,66.7401123046875,133.23899841308594,238.0,41.009422302246094,68.53202056884766,58.74908447265625,70.67792510986328,96.009765625,51.071685791015625,235.61949157714844
2018-12-11,235.61949157714844,87.13032531738281,69.82324981689453,132.7364044189453,61.75727844238281,80.32160186767578,153.29434204101562,154.3800048828125,131.11489868164062,75.55461120605469,41.68531799316406,66.16505432128906,133.6215057373047,244.08999633789062,39.65167999267578,68.82958984375,57.8449592590332,71.41043090820312,95.59922790527344,50.365074157714844,235.5520477294922
2018-12-12,235.5520477294922,86.73451232910156,69.85287475585938,131.63949584960938,60.736572265625,79.5596694946289,153.8580322265625,153.7899932861328,130.29534912109375,75.71886444091797,40.63417434692383,65.6816635131836,133.87014770507812,245.33999633789062,38.85734939575195,68.66727447509766,58.85719299316406,71.17911529541016,95.83381652832031,50.21182632446289,236.823974609375
2018-12-13,236.823974609375,88.6100082397461,71.70956420898438,133.06356811523438,61.1944580078125,79.47286224365234,154.1690673828125,156.9600067138672,132.3150177001953,75.68988800048828,40.994285583496094,66.4067611694336,133.468505859375,245.5500030517578,39.51313781738281,69.1181411743164,59.78098678588867,72.05620574951172,95.34507751464844,50.83330535888672,236.823974609375
2018-12-14,236.823974609375,88.55303192138672,70.8799819946289,133.5735321044922,60.345462799072266,77.7271499633789,155.75331115722656,154.66000366210938,131.7296142578125,75.48698425292969,39.89448547363281,65.20661926269531,132.91070556640625,248.0800018310547,39.947242736816406,68.73040008544922,58.85719299316406,70.91888427734375,94.96385955810547,52.31463623046875,232.30532836914062
2018-12-17,232.30532836914062,87.32813262939453,69.51709747314453,131.28347778320312,58.971805572509766,76.48299407958984,151.165771484375,149.7100067138672,129.33914184570312,73.73822021484375,39.339717864990234,64.35652923583984,129.6600799560547,230.0,40.28898620605469,67.76553344726562,57.68770980834961,70.35986328125,94.49464416503906,51.241943359375,227.49229431152344
2018-12-18,227.49229431152344,86.43558502197266,68.31221008300781,129.30133056640625,57.140262603759766,77.31244659423828,147.41407775878906,146.4199981689453,126.1681137084961,71.81553649902344,38.570831298828125,63.564796447753906,127.4000244140625,221.3800048828125,40.42753982543945,65.87189483642578,56.862205505371094,69.40567016601562,93.69309997558594,49.88832092285156,227.52130126953125
2018-12-19,227.52130126953125,86.21719360351562,68.01594543457031,130.0710906982422,56.777774810791016,78.61448669433594,147.87088012695312,150.08999633789062,125.90464782714844,71.44837951660156,38.53190612792969,63.606468200683594,125.02455139160156,226.17999267578125,40.325931549072266,66.53016662597656,56.70496368408203,70.49479675292969,93.49761199951172,48.07497787475586,224.04469299316406
2018-12-20,224.04469299316406,83.94781494140625,67.0579833984375,128.2236785888672,55.70937728881836,78.10330963134766,146.72401428222656,146.22000122070312,122.64580535888672,69.27449798583984,38.20098876953125,62.3896598815918,125.34191131591797,224.64999389648438,39.956478118896484,64.78079986572266,56.45927047729492,69.6658935546875,92.63741302490234,47.581199645996094,220.51962280273438
2018-12-21,220.51962280273438,82.89384460449219,65.29017639160156,125.73153686523438,55.31826400756836,76.97486877441406,139.47332763671875,143.8000030517578,121.90428924560547,67.68997955322266,36.82868194580078,60.09777069091797,125.3034439086914,218.64999389648438,39.83640670776367,63.16667556762695,56.12512969970703,69.01049041748047,91.08318328857422,46.41487121582031,215.968017578125
2018-12-24,215.968017578125,82.40007781982422,64.40133666992188,124.54803466796875,53.801517486572266,77.01344299316406,133.35011291503906,140.19000244140625,120.70416259765625,66.65617370605469,36.13764953613281,59.064334869384766,120.5717544555664,208.8000030517578,38.42324447631836,63.004371643066406,54.95565414428711,69.38639068603516,90.65308380126953,45.887046813964844,210.12843322753906
2018-12-26,210.12843322753906,80.66243743896484,62.564395904541016,120.11226654052734,52.551876068115234,74.52510070800781,129.9191436767578,136.80999755859375,115.75735473632812,64.2793960571289,34.998924255371094,58.41426086425781,117.28263092041016,205.16000366210938,37.94295883178711,60.70493698120117,54.28738784790039,68.16232299804688,88.79584503173828,43.23938751220703,220.5486602783203
2018-12-27,220.5486602783203,85.12522888183594,65.4284439086914,124.67314147949219,55.451820373535156,77.9297103881836,135.10931396484375,142.85000610351562,120.66513061523438,66.28902435302734,36.39070129394531,61.20621871948242,122.81256103515625,222.9499969482422,40.05807876586914,62.896156311035156,56.862205505371094,70.49479675292969,92.43212127685547,45.71677780151367,222.45645141601562
2018-12-28,222.45645141601562,86.70144653320312,66.47528076171875,126.5975570678711,56.15771484375,78.88452911376953,136.47003173828125,144.16000366210938,122.38236999511719,67.73828887939453,36.88707733154297,61.878170013427734,124.7648696899414,225.13999938964844,40.621498107910156,63.500328063964844,57.33392333984375,72.48993682861328,93.74198150634766,45.39326477050781,222.21437072753906
2018-12-31,222.21437072753906,86.72992706298828,65.90248107910156,125.81814575195312,55.62351989746094,79.10636138916016,135.8966064453125,142.99000549316406,121.14323425292969,67.43877410888672,36.61455535888672,61.416893005371094,124.28398895263672,223.1300048828125,40.23357009887695,63.635581970214844,56.587032318115234,72.04656219482422,93.79102325439453,45.10381317138672,224.13182067871094
2019-01-02,224.13182067871094,87.66047668457031,66.8604507446289,127.12676239013672,56.26265335083008,79.69468688964844,137.05320739746094,142.94000244140625,123.19221496582031,68.54988098144531,36.97467041015625,62.02913284301758,126.1016616821289,226.24000549316406,40.79698944091797,64.32991790771484,57.451847076416016,72.89473724365234,93.6536636352539,45.92961502075195,224.4126739501953
2019-01-03,224.4126739501953,87.20469665527344,66.65306091308594,126.84772491455078,56.67284393310547,78.73986053466797,136.6449737548828,143.00999450683594,122.0116195678711,68.83972930908203,37.47103500366211,62.96007537841797,125.15917205810547,224.57000732421875,40.97248077392578,64.33893585205078,57.47150802612305,72.51885223388672,94.4582290649414,46.321224212646484,218.9120330810547
2019-01-04,218.9120330810547,84.32762145996094,64.75688171386719,125.15423583984375,55.71891784667969,77.44747161865234,131.97967529296875,137.63999938964844,118.46980285644531,67.42911529541016,36.65348815917969,61.22399139404297,121.37960052490234,215.6999969482422,40.0765495300293,62.44529342651367,56.31185531616211,69.81047058105469,91.12223815917969,46.210548400878906,226.43667602539062
2019-01-07,226.43667602539062,87.33763885498047,67.20611572265625,129.5322723388672,58.466224670410156,79.73328399658203,137.1115264892578,143.66000366210938,126.20713806152344,70.49188232421875,38.814151763916016,64.46131134033203,126.21710205078125,226.19000244140625,41.840694427490234,64.59142303466797,58.49357223510742,71.64176940917969,95.0763931274414,48.22822189331055,228.01519775390625
2019-01-08,228.01519775390625,87.21420288085938,67.09748077392578,130.25392150878906,58.56161880493164,79.6078872680664,137.58778381347656,147.32000732421875,128.62689208984375,71.4290771484375,39.709564208984375,65.21613311767578,125.53426361083984,229.25999450683594,42.1454963684082,65.80876922607422,58.50339889526367,73.05859375,96.18511962890625,49.071044921875,230.23287963867188
2019-01-09,230.23287963867188,87.66047668457031,68.0850830078125,129.98448181152344,58.66655349731445,79.5982437133789,141.06732177734375,148.0500030517578,131.6222686767578,73.0039291381836,39.845821380615234,66.33997344970703,126.2747802734375,232.67999267578125,41.69291305541992,67.27859497070312,58.60167694091797,72.81764221191406,97.84330749511719,50.11819076538086,231.24974060058594
2019-01-10,231.24974060058594,87.97380828857422,68.53937530517578,130.59071350097656,59.267520904541016,80.20586395263672,141.77682495117188,150.63999938964844,132.24671936035156,73.76720428466797,41.03321838378906,66.61675262451172,126.39018249511719,235.42999267578125,42.11778259277344,67.42288208007812,59.11271667480469,74.28264617919922,99.3935775756836,50.85033416748047,232.29563903808594
2019-01-11,232.29563903808594,87.63198852539062,69.72447967529297,132.54396057128906,59.610939025878906,80.57237243652344,142.89456176757812,152.60000610351562,133.25172424316406,74.85897827148438,41.44199752807617,67.6567153930664,127.39039611816406,237.77000427246094,42.41334915161133,66.40392303466797,59.702369689941406,75.29468536376953,100.54154968261719,51.114253997802734,232.2569122314453
2019-01-14,232.2569122314453,85.69495391845703,69.67510223388672,132.168701171875,59.658634185791016,80.48555755615234,142.12672424316406,154.75,133.241943359375,75.22611999511719,41.714515686035156,67.37155151367188,126.61137390136719,237.5500030517578,42.505714416503906,64.4381332397461,59.42719650268555,75.62239074707031,100.61023712158203,50.90993118286133,231.05601501464844
2019-01-15,231.05601501464844,86.5875015258789,69.33932495117188,132.40928649902344,60.2786865234375,80.8231430053711,140.86318969726562,153.60000610351562,132.03802490234375,75.41934967041016,41.56852340698242,67.0025405883789,125.89009094238281,234.55999755859375,43.26309585571289,64.59142303466797,59.05374526977539,74.85132598876953,100.98309326171875,50.54384994506836,233.54489135742188
2019-01-16,233.54489135742188,88.06876373291016,69.01342010498047,132.56321716308594,60.04020309448242,81.23786163330078,142.76821899414062,156.16000366210938,131.79335021972656,75.45799255371094,40.91642761230469,66.44898986816406,127.2653579711914,242.36000061035156,43.798805236816406,64.97917175292969,58.925987243652344,74.52362060546875,99.442626953125,51.8974723815918,234.06784057617188
2019-01-17,234.06784057617188,90.46156311035156,69.40845489501953,132.8037872314453,61.39478302001953,81.5368423461914,143.7304229736328,157.1300048828125,132.95809936523438,75.10051727294922,40.322723388671875,66.39867401123047,127.67890930175781,241.9499969482422,44.583892822265625,64.85293579101562,58.650814056396484,75.65129852294922,100.03133392333984,52.07625961303711,235.86911010742188
2019-01-18,235.86911010742188,89.95832824707031,70.34667205810547,134.59349060058594,61.566490173339844,81.5657730102539,144.93563842773438,158.30999755859375,134.9156494140625,76.38552856445312,41.101348876953125,66.60834503173828,127.85202026367188,244.39999389648438,45.26737976074219,66.0612564086914,59.4763298034668,76.84646606445312,102.18012237548828,52.69773483276367,238.97776794433594
2019-01-22,238.97776794433594,91.73395538330078,71.46267700195312,136.48904418945312,63.31217956542969,82.65563201904297,146.2283172607422,161.7100067138672,137.78350830078125,77.96039581298828,41.9091682434082,67.63993072509766,130.00628662109375,247.50999450683594,46.274147033691406,74.2490234375,61.4320068359375,78.31148529052734,108.44005584716797,53.79595947265625,235.6076202392578
2019-01-23,235.6076202392578,89.70195007324219,69.91213989257812,134.5357666015625,63.073707580566406,82.80995178222656,144.7898406982422,161.02999877929688,134.68077087402344,76.60773468017578,40.65364074707031,66.72576904296875,128.0731964111328,243.85000610351562,45.738441467285156,73.73503112792969,60.685115814208984,76.60549926757812,106.40901947021484,53.27664566040039,236.12091064453125
2019-01-24,236.12091064453125,88.89485931396484,69.83312225341797,135.42098999023438,63.11185836791992,82.8388900756836,144.25526428222656,158.6300048828125,133.02659606933594,76.15364074707031,40.05994415283203,65.492919921875,129.27537536621094,245.13999938964844,45.18425369262695,74.7449951171875,60.6359748840332,73.2513656616211,105.19235229492188,53.251102447509766,236.45018005371094
2019-01-25,236.45018005371094,89.12274169921875,70.31706237792969,135.84434509277344,63.13093566894531,83.18609619140625,145.9367218017578,158.10000610351562,133.8585662841797,76.50147247314453,40.87749099731445,65.24968719482422,129.59274291992188,242.55999755859375,45.35050964355469,75.1507797241211,61.10770797729492,75.91153717041016,105.31990051269531,53.336238861083984,238.46449279785156
2019-01-28,238.46449279785156,89.77792358398438,70.43555450439453,136.3543243408203,63.65559005737305,83.08964538574219,147.58905029296875,161.64999389648438,134.34796142578125,76.79132080078125,40.82883071899414,66.56642150878906,131.189208984375,244.9499969482422,46.25566864013672,75.29505157470703,62.6702766418457,77.25126647949219,106.86035919189453,53.897308349609375,236.59544372558594
2019-01-29,236.59544372558594,89.6829605102539,69.28007507324219,135.17079162597656,64.25656127929688,83.41757202148438,147.96807861328125,160.6999969482422,132.77210998535156,76.55944061279297,41.30573272705078,66.35674285888672,130.3140411376953,241.85000610351562,45.987823486328125,75.47539520263672,62.021663665771484,76.96212005615234,107.2724609375,53.7678337097168,236.2565155029297
2019-01-30,236.2565155029297,88.06876373291016,70.8799819946289,136.38319396972656,63.703285217285156,83.69727325439453,147.7542724609375,158.86000061035156,136.14894104003906,83.24535369873047,41.9091682434082,67.17865753173828,128.87144470214844,238.27000427246094,45.83080291748047,75.81804656982422,61.85459518432617,75.90190124511719,106.21278381347656,54.89860153198242,239.9558563232422
2019-01-31,239.9558563232422,84.73591613769531,71.68980407714844,137.86500549316406,64.59998321533203,84.23737335205078,149.76617431640625,162.99000549316406,134.1913604736328,85.81536102294922,42.3763313293457,67.5979995727539,134.07437133789062,242.6699981689453,44.46382522583008,76.29596710205078,62.82752227783203,77.36692810058594,105.77125549316406,55.4165153503418,242.06703186035156
2019-02-01,242.06703186035156,88.742919921875,71.99596405029297,138.2017364501953,64.38057708740234,84.7485580444336,149.24131774902344,164.35000610351562,134.93524169921875,84.85884857177734,44.089298248291016,66.92705535888672,134.48794555664062,247.82000732421875,46.24643325805664,75.89921569824219,63.682518005371094,78.02233123779297,103.75983428955078,55.425148010253906,242.30914306640625
2019-02-04,242.30914306640625,89.39812469482422,72.49964141845703,139.24093627929688,65.24864959716797,85.66481018066406,150.39794921875,167.5500030517578,135.1407928466797,84.64629364013672,43.69999313354492,71.98432159423828,136.19981384277344,247.3800048828125,45.821563720703125,75.95331573486328,64.2623519897461,78.4271469116211,104.19154357910156,56.24517822265625,243.95545959472656
2019-02-05,243.95545959472656,90.36662292480469,72.78604125976562,142.33926391601562,65.93547821044922,85.6455307006836,152.1571502685547,169.0500030517578,135.1995086669922,84.33712005615234,44.498069763183594,71.45594787597656,138.13287353515625,254.74000549316406,45.904693603515625,76.70176696777344,65.38268280029297,78.04161834716797,103.6126480102539,56.96161651611328,245.10787963867188
2019-02-06,245.10787963867188,89.82538604736328,73.97117614746094,143.07052612304688,65.99271392822266,85.7998275756836,152.90554809570312,170.22000122070312,135.4148406982422,85.2066650390625,44.10875701904297,71.27983093261719,139.72935485839844,254.82000732421875,45.11960220336914,77.31494903564453,65.57923126220703,78.79339599609375,103.22998809814453,57.151519775390625,244.5849151611328
2019-02-07,244.5849151611328,89.4645767211914,73.69463348388672,143.2725830078125,65.84008026123047,89.27194213867188,152.75001525878906,170.77999877929688,135.25823974609375,84.9554672241211,43.6026611328125,71.63207244873047,139.96975708007812,254.35000610351562,45.045711517333984,77.97319793701172,66.84698486328125,79.98855590820312,101.42462158203125,56.77171325683594,242.32850646972656
2019-02-08,242.32850646972656,89.00879669189453,74.17857360839844,142.55091857910156,65.74468994140625,89.05010986328125,150.8255615234375,169.5500030517578,134.92544555664062,83.9796371459961,43.553993225097656,70.64242553710938,140.1044158935547,253.74000549316406,44.29756546020508,77.58545684814453,64.1051025390625,78.03196716308594,101.18913269042969,56.2279167175293,242.5706024169922
2019-02-11,242.5706024169922,87.71745300292969,74.82050323486328,142.9935302734375,64.87662506103516,89.17549896240234,151.22409057617188,171.72999572753906,137.0494384765625,83.88301086425781,43.553993225097656,70.91081237792969,141.19117736816406,257.0,44.17749786376953,77.35099792480469,64.59648895263672,77.50186920166016,100.2962646484375,56.12432861328125,242.74493408203125
2019-02-12,242.74493408203125,87.99280548095703,75.1069107055664,142.86843872070312,64.75260925292969,89.24301147460938,150.961669921875,171.22999572753906,137.3822021484375,84.4337387084961,43.9627685546875,71.08692932128906,141.8643798828125,258.3900146484375,44.68549346923828,77.08950805664062,64.59648895263672,77.18380737304688,100.88497161865234,56.15022659301758,245.8922882080078
2019-02-13,245.8922882080078,92.1897201538086,76.38089752197266,144.6774139404297,66.50782775878906,89.60952758789062,152.2349090576172,175.00999450683594,139.9368438720703,86.9651107788086,45.81199264526367,68.99022674560547,143.77821350097656,261.3699951171875,45.073421478271484,78.1264877319336,66.4637222290039,78.49461364746094,102.18994140625,56.288330078125,246.6476593017578
2019-02-14,246.6476593017578,93.17723083496094,77.79315948486328,145.7550811767578,66.94664001464844,90.6607894897461,153.59559631347656,173.11000061035156,138.9580535888672,87.05205535888672,46.17210388183594,70.6927490234375,144.7014617919922,260.2300109863281,45.45211410522461,77.98222351074219,67.24992370605469,78.32113647460938,102.31749725341797,57.039306640625,246.08596801757812
2019-02-15,246.08596801757812,92.42709350585938,76.94384765625,144.83135986328125,66.47921752929688,89.91815185546875,153.42066955566406,173.1999969482422,138.08694458007812,87.0230712890625,45.78279495239258,70.42437744140625,142.47987365722656,260.1400146484375,45.11960220336914,77.52232360839844,66.88539123535156,77.93559265136719,102.92581176757812,57.557220458984375,248.78787231445312
2019-02-19,248.78787231445312,92.65499114990234,78.03020477294922,147.52554321289062,68.0055160522461,91.02729034423828,154.76193237304688,174.49000549316406,141.06240844726562,88.11485290527344,46.133174896240234,71.58175659179688,143.94171142578125,259.45001220703125,46.91145324707031,78.36095428466797,67.70310974121094,79.16929626464844,105.5161361694336,58.4463005065918,249.16555786132812
2019-02-20,249.16555786132812,92.48407745361328,78.05982208251953,147.48704528808594,68.29167938232422,91.25878143310547,155.0049285888672,174.4600067138672,139.51596069335938,88.3274154663086,46.77553176879883,72.53785705566406,144.5572052001953,257.80999755859375,47.437931060791016,78.20764923095703,70.1956787109375,79.19821166992188,107.48831939697266,59.197269439697266,249.65943908691406
2019-02-21,249.65943908691406,93.22470092773438,78.82027435302734,148.7379150390625,68.70417785644531,91.68314361572266,155.2284698486328,174.66000366210938,140.13255310058594,88.965087890625,46.55168151855469,73.34298706054688,144.79763793945312,258.1000061035156,48.23225784301758,77.88302612304688,72.70794677734375,79.78614044189453,108.96989440917969,58.800209045410156,248.79757690429688
2019-02-22,248.79757690429688,92.19921112060547,78.277099609375,147.62550354003906,68.31086730957031,91.2684097290039,155.0535125732422,174.49000549316406,139.4376678466797,88.47232818603516,46.92323303222656,73.97200775146484,145.2015838623047,257.760009765625,48.07523727416992,77.36903381347656,72.66852569580078,79.90242767333984,109.64691162109375,58.52398681640625,250.39544677734375
2019-02-25,250.39544677734375,93.10126495361328,78.41535186767578,148.1962127685547,68.5506820678711,91.21053314208984,156.96824645996094,175.47999572753906,141.4833221435547,89.20663452148438,47.568565368652344,74.23200225830078,147.31736755371094,258.8999938964844,48.83262252807617,78.00025939941406,73.34832763671875,80.76482391357422,109.25443267822266,58.584415435791016,250.74411010742188
2019-02-26,250.74411010742188,93.15824890136719,78.78076934814453,149.02810668945312,68.13819122314453,91.5288314819336,157.1334686279297,175.00999450683594,141.75738525390625,89.33222961425781,47.32412338256836,74.94487762451172,146.65379333496094,258.6199951171875,49.03581619262695,78.424072265625,73.72270202636719,81.45279693603516,109.401611328125,58.394508361816406,250.5407257080078
2019-02-27,250.5407257080078,93.53805541992188,78.1487045288086,148.8927001953125,67.88877868652344,90.74758911132812,156.81272888183594,174.8300018310547,140.49473571777344,88.1341781616211,46.962337493896484,74.29071044921875,147.0288543701172,261.2200012207031,48.56476593017578,78.74869537353516,73.68328094482422,80.86170959472656,107.44906616210938,55.494205474853516,250.44387817382812
2019-02-28,250.44387817382812,95.18073272705078,78.65238952636719,149.55047607421875,68.34923553466797,91.12574768066406,156.12266540527344,176.8300018310547,141.88461303710938,88.11475372314453,47.10901641845703,75.16293334960938,147.12503051757812,262.8999938964844,48.4169807434082,79.1093978881836,73.68328094482422,79.9314956665039,106.59542846679688,56.23654556274414,249.81442260742188
2019-03-01,249.81442260742188,95.36113739013672,78.5931167602539,149.03781127929688,68.69458770751953,91.51360321044922,156.85159301757812,177.25999450683594,141.0428924560547,87.93020629882812,46.07257080078125,75.06230163574219,147.17311096191406,262.5,48.62017822265625,78.77574920654297,72.688232421875,79.54389953613281,106.59542846679688,55.46830749511719,251.54788208007812
2019-03-04,251.54788208007812,95.58902740478516,78.58325958251953,150.63389587402344,68.91521453857422,92.12447357177734,159.59246826171875,182.22999572753906,141.7769775390625,88.36727905273438,46.50279235839844,75.85065460205078,148.0098114013672,264.010009765625,47.966941833496094,78.70362091064453,72.91484069824219,80.58072662353516,106.02635192871094,56.858036041259766,250.5697784423828
2019-03-05,250.5697784423828,94.51606750488281,78.51411437988281,149.45372009277344,68.53150177001953,91.33907318115234,158.25120544433594,180.1300048828125,142.4620819091797,88.58096313476562,47.0014533996582,76.35460662841797,147.39430236816406,258.1600036621094,47.92960739135742,77.41413116455078,72.55030059814453,80.3384780883789,108.32231903076172,56.883934020996094,250.2986297607422
2019-03-06,250.2986297607422,93.82290649414062,78.16846466064453,149.1151580810547,68.13819122314453,91.1451416015625,159.0773468017578,178.75,141.66929626464844,88.11475372314453,45.94546127319336,76.48031616210938,146.81727600097656,257.3800048828125,48.13491439819336,77.1075439453125,71.9197769165039,79.97025299072266,108.0573959350586,56.92708969116211,248.6716766357422
2019-03-07,248.6716766357422,93.11076354980469,78.277099609375,148.71856689453125,68.397216796875,90.68941497802734,157.83326721191406,178.67999267578125,142.0118408203125,88.34785461425781,45.779239654541016,75.87110900878906,146.6922607421875,256.3999938964844,47.546993255615234,77.00835418701172,71.18087768554688,79.10785675048828,109.401611328125,56.47822952270508,246.7057647705078
2019-03-08,246.7057647705078,91.4111099243164,77.9511947631836,147.4997100830078,67.06379699707031,90.4082260131836,157.30844116210938,178.7899932861328,140.75900268554688,87.59026336669922,45.01658248901367,75.25222778320312,145.41616821289062,255.4600067138672,46.66044998168945,77.10813903808594,71.0429458618164,78.60398864746094,109.94127655029297,56.875301361083984,246.20217895507812
2019-03-11,246.20217895507812,91.95233917236328,77.66477966308594,146.6387939453125,67.03501892089844,90.4664077758789,157.15292358398438,177.42999267578125,139.9270477294922,86.7063980102539,45.18280029296875,74.97179412841797,144.2754364013672,254.74000549316406,46.57645797729492,76.39148712158203,70.83605194091797,78.67182159423828,109.55738067626953,56.60771560668945,249.81442260742188
2019-03-12,249.81442260742188,94.08876037597656,79.09679412841797,148.18655395507812,67.98471069335938,91.25180053710938,159.33978271484375,178.72999572753906,143.6366424560547,87.93991088867188,45.18280029296875,75.85176849365234,146.06385803222656,260.9599914550781,47.21104049682617,77.21699523925781,71.95919036865234,80.29002380371094,112.80570220947266,57.2205696105957,250.56011962890625
2019-03-13,250.56011962890625,95.36113739013672,79.14618682861328,148.4864044189453,68.44515991210938,91.2130126953125,159.38836669921875,180.9600067138672,142.7948760986328,87.84278869628906,45.300132751464844,75.88077545166016,146.93392944335938,263.510009765625,47.369686126708984,76.90856170654297,71.97888946533203,79.97994995117188,111.56543731689453,57.617637634277344,252.3323211669922
2019-03-14,252.3323211669922,96.23471069335938,80.08440399169922,149.97608947753906,69.18382263183594,90.70881652832031,159.50498962402344,180.80999755859375,144.2924346923828,88.77522277832031,45.231689453125,75.89044952392578,147.75564575195312,264.3800048828125,47.69630813598633,77.15350341796875,72.18577575683594,80.83264923095703,112.68759155273438,58.101016998291016,252.1870574951172
2019-03-15,252.1870574951172,96.3208236694336,79.78761291503906,150.17926025390625,69.39486694335938,90.99969482421875,160.19509887695312,180.6199951171875,143.55833435058594,88.11475372314453,44.71346664428711,74.61400604248047,148.40335083007812,267.69000244140625,48.23756408691406,77.0537109375,71.99859619140625,80.7066879272461,113.140380859375,57.93701934814453,253.4556884765625
2019-03-18,253.4556884765625,98.0046157836914,79.9458999633789,150.27598571777344,70.18148803710938,91.95962524414062,161.72100830078125,180.3800048828125,144.58607482910156,88.08561706542969,44.91879653930664,74.69136047363281,150.14349365234375,257.0899963378906,48.68550109863281,76.90856170654297,72.7177734375,81.10396575927734,112.707275390625,57.70396041870117,254.39508056640625
2019-03-19,254.39508056640625,98.39686584472656,80.88574981689453,151.80438232421875,70.6611328125,92.1341552734375,161.75990295410156,180.89999389648438,146.798095703125,89.87276458740234,45.407684326171875,74.38191986083984,149.54412841796875,257.760009765625,49.26409912109375,78.06971740722656,73.23994445800781,80.75513458251953,114.24284362792969,59.01599884033203,254.37570190429688
2019-03-20,254.37570190429688,98.19595336914062,80.222900390625,152.104248046875,70.6323471069336,91.34876251220703,161.53636169433594,181.1199951171875,146.02487182617188,89.7950668334961,45.104583740234375,73.75336456298828,149.48614501953125,260.4200134277344,48.46153259277344,78.47794342041016,72.65868377685547,80.881103515625,113.33724975585938,58.964210510253906,253.63575744628906
2019-03-21,253.63575744628906,96.49302673339844,79.99536895751953,151.18527221679688,68.58905792236328,90.21429443359375,161.60440063476562,180.22999572753906,145.408203125,88.71694946289062,44.5472526550293,73.1828384399414,148.89639282226562,259.739990234375,47.30435562133789,77.03556060791016,72.6291275024414,80.07685089111328,111.18153381347656,59.387176513671875,256.41046142578125
2019-03-22,256.41046142578125,97.88023376464844,81.26167297363281,153.27474975585938,69.47159576416016,91.71722412109375,163.51914978027344,182.3300018310547,148.4228973388672,89.8047866821289,45.349021911621094,75.04914855957031,150.1724853515625,264.17999267578125,47.99493408203125,77.87014770507812,73.56507110595703,81.2686996459961,114.685791015625,60.29351806640625,251.55233764648438
2019-03-25,251.55233764648438,94.48394775390625,78.56086730957031,150.74032592773438,67.48587036132812,91.30998229980469,160.6033172607422,177.17999267578125,144.7915802001953,87.7068099975586,44.00946807861328,72.50593566894531,148.69337463378906,259.69000244140625,46.147178649902344,75.94697570800781,71.9887466430664,79.15631866455078,110.69921875,59.56843948364258,251.36734008789062
2019-03-26,251.36734008789062,93.96733093261719,78.76863098144531,150.83702087402344,66.91990661621094,91.13545227050781,160.4477996826172,177.44000244140625,144.68392944335938,88.5226821899414,44.49835968017578,72.01276397705078,148.63540649414062,262.2699890136719,45.73656463623047,76.66362762451172,72.09712219238281,78.56523895263672,110.8271713256836,59.8015022277832,253.16845703125
2019-03-27,253.16845703125,95.56501770019531,79.78761291503906,152.33641052246094,67.7065200805664,91.24210357666016,162.25558471679688,179.69000244140625,147.14068603515625,89.44539642333984,44.791690826416016,72.6026382446289,151.00389099121094,265.5899963378906,46.8004264831543,77.11720275878906,72.6488265991211,79.71831512451172,111.95917510986328,59.810123443603516,252.0001678466797
2019-03-28,252.0001678466797,94.79964447021484,79.81729125976562,151.97850036621094,67.61060333251953,91.29058074951172,161.79879760742188,178.5500030517578,146.77854919433594,89.6008071899414,45.036136627197266,72.834716796875,151.57423400878906,262.3399963378906,46.57645797729492,77.39842224121094,72.34341430664062,78.79779052734375,112.96320343017578,59.42169189453125,252.93478393554688
2019-03-29,252.93478393554688,94.79964447021484,81.35071563720703,153.36180114746094,67.84081268310547,91.08695983886719,170.2060546875,180.2899932861328,148.23692321777344,90.82463073730469,45.71079635620117,73.9721450805664,153.10169982910156,263.5299987792969,46.66977310180664,79.06758117675781,73.8310775756836,77.5284194946289,114.32159423828125,59.88780975341797,254.64830017089844
2019-04-01,254.64830017089844,95.78506469726562,82.08280181884766,153.7293701171875,68.26290893554688,91.3196792602539,171.080810546875,182.7100067138672,148.52076721191406,91.10630798339844,46.55168151855469,74.68182373046875,154.42611694335938,266.489990234375,46.83775329589844,78.84080505371094,74.07737731933594,78.2454605102539,114.16410827636719,60.284873962402344,257.59820556640625
2019-04-02,257.59820556640625,98.827392578125,83.10179138183594,156.19607543945312,70.50763702392578,92.2020263671875,171.37237548828125,187.4499969482422,152.47506713867188,93.20426940917969,46.82545471191406,76.74282836914062,156.6786346435547,272.1700134277344,48.50819778442383,79.22180938720703,75.95911407470703,81.06521606445312,115.94576263427734,60.72510528564453,257.6079406738281
2019-04-03,257.6079406738281,98.79867553710938,82.82478332519531,155.7801055908203,70.77623748779297,91.9305419921875,170.4490509033203,187.61000061035156,151.5354461669922,93.11685943603516,46.50279235839844,76.76226806640625,156.069580078125,271.3500061035156,48.265567779541016,78.73194885253906,75.45664978027344,81.70472717285156,115.00079345703125,60.60425567626953,258.16290283203125
2019-04-04,258.16290283203125,98.827392578125,83.42825317382812,155.0546112060547,70.96810913085938,92.7353286743164,172.2179718017578,188.5399932861328,152.24993896484375,93.25283813476562,47.138343811035156,76.94697570800781,155.7408905029297,271.5,48.769493103027344,79.3306655883789,75.1512451171875,83.06131744384766,114.72516632080078,59.836021423339844,258.75677490234375
2019-04-05,258.75677490234375,98.54994201660156,83.1116943359375,155.80917358398438,71.20793151855469,93.15227508544922,172.18882751464844,184.97999572753906,153.02316284179688,94.09783935546875,47.832557678222656,78.0941390991211,154.03941345214844,267.8900146484375,49.09611892700195,81.2356948852539,75.0231704711914,83.52642059326172,115.34529876708984,59.9741325378418,259.9639892578125
2019-04-08,259.9639892578125,99.91801452636719,83.38868713378906,156.4185791015625,71.89861297607422,93.3849868774414,173.15103149414062,185.8300018310547,152.9448699951172,93.76761627197266,49.14277267456055,78.18162536621094,155.00616455078125,267.45001220703125,49.63738250732422,80.8909683227539,75.57488250732422,83.5942611694336,115.5520248413086,60.88911437988281,260.236572265625
2019-04-09,260.236572265625,99.97542572021484,83.71515655517578,156.76681518554688,71.7643051147461,91.98871612548828,173.88973999023438,186.41000366210938,154.07046508789062,93.9035873413086,49.36766052246094,78.47328186035156,155.12217712402344,268.80999755859375,49.758697509765625,81.48969268798828,75.56502532958984,83.98185729980469,115.75872039794922,60.87185287475586,258.7372741699219
2019-04-10,258.7372741699219,99.32485961914062,82.65660858154297,155.5963592529297,71.15035247802734,91.49420928955078,172.74281311035156,186.66000366210938,151.2515869140625,92.15528106689453,48.3018913269043,77.81220245361328,154.36810302734375,268.989990234375,48.3402214050293,80.4555435180664,74.4517593383789,82.65435028076172,114.6365737915039,60.3107795715332,259.6524963378906
2019-04-11,259.6524963378906,99.54490661621094,83.141357421875,154.74510192871094,71.49569702148438,92.1147689819336,173.45822143554688,187.9199981689453,152.08355712890625,92.44666290283203,48.565887451171875,78.18162536621094,155.08351135253906,271.5799865722656,49.226768493652344,81.05426788330078,74.39264678955078,83.41015625,115.28623962402344,60.25898361206055,259.66217041015625
2019-04-12,259.66217041015625,100.21459197998047,83.89323425292969,155.6446990966797,71.82186126708984,92.90017700195312,174.791015625,188.58999633789062,154.16836547851562,93.05856323242188,48.018333435058594,77.66637420654297,156.2919158935547,271.8999938964844,49.889347076416016,81.00890350341797,75.24976348876953,84.20471954345703,115.29608154296875,60.457515716552734,261.4146728515625
2019-04-15,261.4146728515625,101.3147964477539,84.8924331665039,157.16343688964844,73.10730743408203,94.06373596191406,175.0653839111328,189.5500030517578,153.93344116210938,94.34066009521484,48.03789138793945,77.74415588378906,157.87734985351562,271.8599853515625,51.205169677734375,82.28797912597656,75.860595703125,85.22215270996094,116.52650451660156,60.9409065246582,261.2491455078125
2019-04-16,261.2491455078125,100.40594482421875,84.70446014404297,156.7087860107422,72.72359466552734,93.47225189208984,175.7122039794922,189.9600067138672,152.8959503173828,94.01043701171875,48.311668395996094,77.53999328613281,158.2350616455078,272.2200012207031,50.663909912109375,82.73249816894531,75.2891616821289,84.84424591064453,115.7685775756836,60.50068283081055,261.38543701171875
2019-04-17,261.38543701171875,102.06103515625,84.99136352539062,157.54066467285156,73.81718444824219,95.2078857421875,175.47698974609375,189.39999389648438,152.47506713867188,94.6903305053711,48.27255630493164,78.51216888427734,156.74627685546875,271.42999267578125,51.71842956542969,84.65567016601562,75.96896362304688,85.9101333618164,116.14262390136719,60.630157470703125,260.8110046386719
2019-04-18,260.8110046386719,101.49656677246094,84.83307647705078,157.56971740722656,73.73084259033203,94.4709701538086,175.36920166015625,187.08999633789062,151.2124481201172,94.0201416015625,47.45122528076172,78.50244903564453,157.4326629638672,269.45001220703125,51.95173645019531,86.63324737548828,75.63400268554688,86.25897216796875,120.88714599609375,60.18993377685547,261.2297058105469
2019-04-22,261.2297058105469,101.3147964477539,85.5651626586914,163.53819274902344,74.00904083251953,93.78253173828125,175.0360107421875,186.58999633789062,151.24180603027344,94.97199249267578,47.88145065307617,77.72470092773438,157.03631591796875,270.57000732421875,51.531795501708984,86.67861938476562,75.79161834716797,86.65624237060547,123.07240295410156,59.6806526184082,261.5022888183594
2019-04-23,261.5022888183594,101.8792495727539,85.69377136230469,162.7449951171875,73.7596206665039,94.12190246582031,174.50682067871094,189.0399932861328,150.34132385253906,93.58306884765625,47.255680084228516,77.25807189941406,156.52394104003906,272.2099914550781,51.3544807434082,86.0436019897461,77.51573181152344,85.88107299804688,122.10774230957031,60.36256408691406,263.8291015625
2019-04-24,263.8291015625,102.84552764892578,86.35661315917969,166.1983642578125,74.05699920654297,94.33522033691406,176.8685760498047,192.1999969482422,152.87637329101562,94.78744506835938,48.26277542114258,77.909423828125,159.5498046875,278.489990234375,51.839752197265625,85.80774688720703,79.14131164550781,87.02445983886719,122.12744140625,60.3107795715332,263.2449951171875
2019-04-25,263.2449951171875,105.00768280029297,86.16863250732422,165.6953582763672,73.88431549072266,93.48194885253906,177.1919708251953,192.91000366210938,153.38534545898438,94.46692657470703,48.74188995361328,77.52056121826172,158.06103515625,275.45001220703125,51.410484313964844,85.93474578857422,78.254638671875,92.85774993896484,122.23571014404297,60.44887924194336,263.1475830078125
2019-04-26,263.1475830078125,102.99859619140625,84.99136352539062,164.853759765625,74.3735580444336,93.5401382446289,176.34918212890625,191.92999267578125,150.06724548339844,93.45680236816406,50.892982482910156,76.79142761230469,158.40907287597656,277.6600036621094,52.05438995361328,85.28160858154297,77.21031951904297,92.54766845703125,121.37933349609375,60.2158317565918,264.384033203125
2019-04-29,264.384033203125,103.37171173095703,86.36651611328125,166.62400817871094,77.88455963134766,94.45157623291016,177.21156311035156,194.66000366210938,153.2678680419922,94.24353790283203,51.19609069824219,77.27750396728516,158.25437927246094,281.9599914550781,53.54752731323242,85.74425506591797,77.81128692626953,91.57868194580078,122.560546875,60.071617126464844,264.6761169433594
2019-04-30,264.6761169433594,102.63504791259766,86.50499725341797,166.9141845703125,78.12438201904297,94.79095458984375,177.58399963378906,193.58999633789062,153.9628143310547,94.94287872314453,51.43075180053711,77.10252380371094,157.56800842285156,286.1400146484375,53.59418869018555,85.71703338623047,77.29898071289062,91.2879867553711,120.81825256347656,59.9754753112793,264.93896484375
2019-05-01,264.93896484375,102.84552764892578,87.2271957397461,167.9589385986328,78.1723403930664,96.05146026611328,179.0147705078125,195.8000030517578,153.3363800048828,95.22454071044922,51.60675811767578,76.85948181152344,158.9214324951172,289.25,53.342220306396484,85.64447021484375,76.78668975830078,92.68333435058594,121.21199798583984,59.372398376464844,262.952880859375
2019-05-02,262.952880859375,101.47743225097656,85.43655395507812,165.35679626464844,77.7982177734375,95.02365112304688,177.68197631835938,192.50999450683594,151.17327880859375,94.53492736816406,51.58720016479492,74.83737182617188,152.2412872314453,283.3500061035156,53.080928802490234,84.37444305419922,76.44185638427734,91.48179626464844,120.48358154296875,59.06649398803711,262.4076843261719
2019-05-03,262.4076843261719,100.7025146484375,86.0895004272461,165.7824249267578,77.83659362792969,95.30486297607422,175.80039978027344,191.3800048828125,152.05419921875,95.0691146850586,52.6334114074707,74.53600311279297,153.15003967285156,279.6400146484375,52.76362609863281,85.17273712158203,75.60442352294922,91.57868194580078,121.70417022705078,58.42845153808594,264.95843505859375
2019-05-06,264.95843505859375,102.23324584960938,86.41596221923828,167.8718719482422,78.92058563232422,95.58604431152344,173.43862915039062,192.49000549316406,153.11126708984375,96.516357421875,54.34451675415039,75.39151000976562,154.86117553710938,285.5799865722656,53.73416519165039,86.51533508300781,75.87043762207031,92.68333435058594,123.28895568847656,58.46340560913086,263.7901916503906
2019-05-07,263.7901916503906,101.1617202758789,85.59483337402344,166.97222900390625,78.69036102294922,94.71337127685547,172.73301696777344,192.60000610351562,152.69039916992188,95.10797882080078,53.9338493347168,74.12769317626953,154.91915893554688,283.6600036621094,53.472869873046875,85.14552307128906,75.87043762207031,90.84225463867188,122.41288757324219,57.87781524658203,259.447998046875
2019-05-08,259.447998046875,98.827392578125,84.54618072509766,164.30239868164062,77.1938705444336,92.75473022460938,170.45944213867188,188.9199981689453,150.45877075195312,94.447509765625,53.22007751464844,76.32479095458984,153.08236694335938,277.07000732421875,52.67964172363281,84.94595336914062,77.07239532470703,89.19499206542969,120.67059326171875,57.97395706176758,259.0390930175781
2019-05-09,259.0390930175781,98.53079223632812,84.57584381103516,164.7957305908203,75.84127807617188,92.425048828125,170.34185791015625,190.92999267578125,150.24342346191406,94.05899810791016,52.98541259765625,76.76226806640625,153.89442443847656,276.7699890136719,52.287689208984375,85.01852416992188,77.86054229736328,88.31320190429688,119.51891326904297,57.703006744384766,258.3381652832031
2019-05-10,258.3381652832031,98.38729095458984,84.5362777709961,164.82476806640625,75.7837142944336,91.5232925415039,170.96905517578125,190.50999450683594,149.66595458984375,93.47622680664062,52.819190979003906,77.49139404296875,155.228515625,275.7900085449219,52.15704345703125,85.30880737304688,77.46646881103516,88.07096862792969,120.28669738769531,57.720497131347656,259.38958740234375
2019-05-13,259.38958740234375,101.01822662353516,84.6648941040039,166.02426147460938,76.22499084472656,93.4528579711914,170.812255859375,191.8800048828125,151.2124481201172,94.02984619140625,52.9463005065918,77.22891998291016,155.67318725585938,278.4800109863281,52.70763397216797,84.28372955322266,77.49602508544922,88.09034729003906,118.77082061767578,58.75183868408203,253.1392822265625
2019-05-14,253.1392822265625,96.75132751464844,83.21061706542969,161.37136840820312,73.50060272216797,91.22271728515625,167.59786987304688,183.97000122070312,147.3756103515625,91.76677703857422,51.20587158203125,72.90276336669922,152.0286102294922,267.70001220703125,50.617252349853516,81.75276947021484,74.68819427490234,85.40625762939453,115.52249145507812,58.11380386352539,255.1934814453125
2019-05-15,255.1934814453125,98.73169708251953,84.11087799072266,162.66758728027344,74.47908782958984,91.86267852783203,170.1360626220703,186.02999877929688,147.92373657226562,93.33052825927734,51.82186508178711,73.03885650634766,153.23704528808594,271.8599853515625,51.587791442871094,81.96141052246094,75.35813903808594,86.21051788330078,117.14665222167969,58.5333366394043,256.7317810058594
2019-05-16,256.7317810058594,99.45879364013672,84.85285949707031,163.84774780273438,74.08577728271484,92.58989715576172,171.89024353027344,186.9499969482422,150.2042694091797,93.45680236816406,51.98808670043945,73.57356262207031,154.0684051513672,276.82000732421875,51.12118148803711,82.2789306640625,75.67340087890625,87.09229278564453,117.85537719726562,58.77806091308594,259.0975341796875
2019-05-17,259.0975341796875,100.75035095214844,85.6640853881836,165.21168518066406,74.93954467773438,92.9583511352539,174.60482788085938,191.44000244140625,150.69528198242188,93.6607666015625,52.02719497680664,73.66105651855469,156.1565704345703,283.54998779296875,51.81175994873047,82.82321166992188,76.52255249023438,87.51863861083984,119.4697036743164,59.52098083496094,257.59820556640625
2019-05-20,257.59820556640625,99.86060333251953,84.9814682006836,164.3991241455078,74.1433334350586,92.7353286743164,174.76158142089844,187.52999877929688,147.89663696289062,91.73763275146484,51.61653518676758,73.1360855102539,156.3402557373047,279.8500061035156,51.09318542480469,82.36964416503906,75.57466125488281,86.76283264160156,120.04061126708984,59.58216094970703,255.86521911621094
2019-05-21,255.86521911621094,99.6214370727539,84.2493896484375,163.11256408691406,74.6517562866211,93.0262222290039,174.9674072265625,184.6699981689453,148.30905151367188,91.6405029296875,51.156982421875,70.93899536132812,155.972900390625,275.45001220703125,51.205169677734375,82.19728088378906,75.11058807373047,85.4547119140625,119.51891326904297,58.594520568847656,258.04608154296875
2019-05-22,258.04608154296875,101.10433197021484,85.54537963867188,164.06056213378906,75.45756530761719,93.96675872802734,175.97679138183594,185.86000061035156,150.46942138671875,92.45638275146484,52.164085388183594,72.2611312866211,157.57766723632812,278.07000732421875,51.62511444091797,83.54893493652344,76.5028076171875,86.50120544433594,120.99543762207031,59.40736389160156,257.31585693359375
2019-05-23,257.31585693359375,100.72164154052734,84.694580078125,163.78001403808594,75.25611114501953,94.14129638671875,176.78038024902344,185.52999877929688,149.0848388671875,90.36812591552734,51.557865142822266,71.19176483154297,157.93536376953125,281.82000732421875,51.2518310546875,81.9432601928711,75.81163024902344,85.687255859375,119.81421661376953,58.480892181396484,254.27830505371094
2019-05-24,254.27830505371094,98.33946228027344,83.96247863769531,161.78733825683594,73.80979919433594,93.06501007080078,174.70278930664062,180.11000061035156,148.02427673339844,88.45470428466797,51.27431869506836,69.3738021850586,155.7698974609375,274.25,50.01066970825195,81.01213836669922,74.2515640258789,84.47943878173828,118.9972152709961,57.099937438964844,254.6580047607422
2019-05-28,254.6580047607422,99.25788879394531,83.58654022216797,162.02059936523438,74.14727020263672,93.44316864013672,175.23199462890625,182.14999389648438,150.1649932861328,88.28958892822266,51.79253387451172,68.946044921875,156.46595764160156,274.7699890136719,50.59858703613281,80.96398162841797,74.89335632324219,84.42100524902344,118.95784759521484,57.38836669921875,252.52589416503906
2019-05-29,252.52589416503906,97.5262680053711,83.03253936767578,160.6403045654297,73.47232055664062,92.2020263671875,174.82040405273438,180.39999389648438,148.76077270507812,87.40570831298828,49.88587951660156,69.44185638427734,156.50462341308594,278.25,50.50526428222656,79.72119903564453,73.76773834228516,84.05086517333984,118.72160339355469,56.16473388671875,250.78318786621094
2019-05-30,250.78318786621094,97.7845687866211,82.49830627441406,159.7751922607422,73.78087615966797,93.30741882324219,174.05601501464844,179.36000061035156,148.91787719726562,87.76509094238281,49.15255355834961,70.59873962402344,154.55178833007812,273.3800048828125,50.43061065673828,79.2202377319336,72.93834686279297,84.01190185546875,116.13278198242188,55.79764175415039,251.347900390625
2019-05-31,251.347900390625,98.1863784790039,82.91382598876953,160.82498168945312,73.21200561523438,93.46336364746094,175.24180603027344,180.69000244140625,149.61509704589844,88.20450592041016,49.55519485473633,71.28897094726562,155.5572052001953,274.510009765625,50.50526428222656,79.7019271850586,74.24169158935547,84.6060791015625,116.81197357177734,56.05111312866211,248.07666015625
2019-06-03,248.07666015625,96.76090240478516,81.01435089111328,159.7168731689453,71.88140106201172,93.0929946899414,174.50682067871094,179.5,149.9587860107422,87.30615234375,47.19823455810547,71.40563201904297,154.79348754882812,270.8999938964844,48.6106071472168,78.8830337524414,74.3404312133789,82.04431915283203,111.5063705444336,55.60536193847656,247.39515686035156
2019-06-04,247.39515686035156,95.1153793334961,81.3012466430664,161.81649780273438,72.0356674194336,94.32108306884766,171.65504455566406,175.24000549316406,150.74436950683594,89.10285186767578,48.239227294921875,72.66944885253906,150.81053161621094,259.0299987792969,49.96796798706055,79.92350769042969,75.88075256347656,83.0475845336914,110.2956314086914,55.745201110839844,252.7010955810547
2019-06-05,252.7010955810547,98.39686584472656,82.77531433105469,163.44949340820312,74.46546173095703,95.40300750732422,174.40879821777344,182.36000061035156,154.68212890625,91.90531921386719,50.2721061706543,75.965087890625,154.14576721191406,268.7099914550781,51.65525817871094,81.98517608642578,77.92464447021484,85.81389617919922,115.28623962402344,56.89890670776367,254.79434204101562
2019-06-06,254.79434204101562,98.96131134033203,83.46783447265625,164.67431640625,74.93791198730469,96.8163070678711,175.96697998046875,185.85000610351562,155.26150512695312,93.17472839355469,51.21489715576172,76.42201232910156,157.2393035888672,272.8599853515625,51.41017532348633,82.60175323486328,79.03050994873047,86.29116821289062,117.4222640991211,57.03001403808594,256.4299621582031
2019-06-07,256.4299621582031,99.23875427246094,83.04242706298828,165.5005340576172,75.3043212890625,96.98200988769531,176.79017639160156,189.1999969482422,155.42845153808594,92.48143768310547,51.14615249633789,77.28723907470703,158.8344268798828,274.79998779296875,51.97574234008789,81.36860656738281,78.62567901611328,87.33341979980469,115.5028076171875,57.668052673339844,259.1462097167969
2019-06-10,259.1462097167969,101.1138916015625,84.85285949707031,167.4446258544922,75.34288787841797,98.17113494873047,179.25975036621094,193.2899932861328,158.66897583007812,93.78990173339844,51.057769775390625,78.47328186035156,161.36727905273438,278.1600036621094,52.192543029785156,82.10523986816406,78.39859771728516,88.55097961425781,116.0162353515625,57.676788330078125,260.35345458984375
2019-06-11,260.35345458984375,102.33847045898438,85.55526733398438,166.49203491210938,75.3910903930664,98.23936462402344,180.74935913085938,195.0800018310547,160.13214111328125,94.31719970703125,51.74521255493164,77.70526885986328,162.11166381835938,280.3399963378906,51.55156326293945,83.05510711669922,79.12925720214844,89.13540649414062,118.49454498291016,57.52820587158203,260.26580810546875
2019-06-12,260.26580810546875,102.05146789550781,85.377197265625,166.85166931152344,75.9406967163086,97.88848114013672,179.70074462890625,194.80999755859375,159.1697998046875,94.10237121582031,51.32291793823242,77.47195434570312,159.61749267578125,275.989990234375,51.63640213012695,82.8515625,77.38157653808594,88.94059753417969,117.68489074707031,57.4408073425293,259.7400817871094
2019-06-13,259.7400817871094,101.27653503417969,84.60553741455078,168.06674194335938,74.6679458618164,98.06391143798828,180.89633178710938,197.77000427246094,157.41204833984375,94.26837921142578,50.959556579589844,77.68582153320312,159.7238311767578,276.8399963378906,51.29705810546875,82.16339111328125,76.85826110839844,89.4860610961914,116.97399139404297,56.33079528808594,260.879150390625
2019-06-14,260.879150390625,102.23051452636719,84.90281677246094,168.34866333007812,74.67758178710938,98.54151153564453,181.2491455078125,198.47000122070312,157.38258361816406,94.50271606445312,52.236244201660156,78.23995971679688,159.7432403564453,276.29998779296875,52.2679557800293,84.16004943847656,77.34208679199219,89.71984100341797,115.50281524658203,56.83772659301758,260.4994812011719
2019-06-17,260.4994812011719,102.08598327636719,84.21907806396484,167.97926330566406,74.67758178710938,99.55520629882812,181.26873779296875,197.1300048828125,156.80320739746094,93.80943298339844,53.04154586791992,77.68582153320312,160.8020477294922,274.2799987792969,52.70155334472656,84.57683563232422,77.31246948242188,88.3074722290039,115.4336929321289,56.33953857421875,260.74285888671875
2019-06-18,260.74285888671875,101.22836303710938,83.68396759033203,167.54185485839844,74.12799072265625,98.71696472167969,180.22015380859375,198.72000122070312,156.99960327148438,93.16497039794922,52.44247817993164,77.3747329711914,161.1906280517578,275.6000061035156,51.71181106567383,84.4992904663086,77.2137222290039,88.1126480102539,112.99488067626953,56.64544677734375,263.2839050292969
2019-06-19,263.2839050292969,103.49286651611328,85.72528076171875,170.8370819091797,75.03433990478516,99.29203033447266,180.80813598632812,201.88999938964844,159.9553985595703,94.09261322021484,53.67988967895508,78.43440246582031,163.40533447265625,276.7799987792969,52.7769660949707,85.58485412597656,78.85279083251953,90.30426788330078,114.9794921875,57.39710235595703,264.0627746582031
2019-06-20,264.0627746582031,103.9168472290039,86.01265716552734,170.50657653808594,74.25334167480469,100.15950775146484,180.26914978027344,204.0500030517578,161.0846710205078,94.65896606445312,53.6209602355957,79.75654602050781,163.43450927734375,291.2099914550781,52.94663619995117,85.63331604003906,79.61306762695312,90.9568862915039,115.87801361083984,57.9040412902832,266.59405517578125
2019-06-21,266.59405517578125,105.60319519042969,87.77651977539062,171.3619842529297,75.58393859863281,100.92951965332031,182.7877197265625,203.6999969482422,163.12718200683594,95.74285125732422,54.68159866333008,79.7759780883789,164.75558471679688,302.1099853515625,54.40768814086914,85.88531494140625,80.8670654296875,93.4504623413086,116.54943084716797,59.22381591796875,266.2630310058594
2019-06-24,266.2630310058594,104.37940216064453,86.96395111083984,169.43731689453125,75.57428741455078,98.64872741699219,181.846923828125,200.9600067138672,164.52159118652344,94.932373046875,54.05307388305664,80.30095672607422,163.34706115722656,299.3299865722656,54.322853088378906,85.6527099609375,81.27188110351562,92.71992492675781,117.99098205566406,60.25516128540039,265.805419921875
2019-06-25,265.805419921875,103.16522979736328,87.0531234741211,169.7289581298828,74.81256866455078,99.60393524169922,182.3859405517578,201.38999938964844,162.88168334960938,95.64518737792969,54.38698196411133,79.53294372558594,162.95851135253906,299.8699951171875,54.20973587036133,85.148681640625,80.94606018066406,92.53485107421875,116.39144897460938,58.81302261352539,263.2839050292969
2019-06-26,263.2839050292969,102.06670379638672,86.76575469970703,169.0776824951172,74.64865112304688,99.03860473632812,181.20013427734375,196.4499969482422,164.40374755859375,96.28965759277344,54.14146041870117,80.3106689453125,160.7826385498047,287.9700012207031,53.19171142578125,82.7837142944336,81.28176879882812,91.96016693115234,116.37168884277344,58.31483459472656,262.9493103027344
2019-06-27,262.9493103027344,103.00142669677734,87.03330993652344,168.7374725341797,74.81256866455078,96.97225189208984,179.64193725585938,198.67999267578125,165.22862243652344,96.03577423095703,54.24949264526367,81.05923461914062,158.159912109375,288.7200012207031,52.93721008300781,83.06478881835938,81.76557922363281,92.6906967163086,117.03323364257812,58.8654670715332,263.9961242675781
2019-06-28,263.9961242675781,104.59139251708984,87.45941162109375,168.98046875,74.81256866455078,97.6058120727539,179.33816528320312,200.8699951171875,166.53466796875,96.2213134765625,54.95657730102539,81.16670227050781,159.3158416748047,293.2300109863281,53.54048156738281,84.03404998779297,82.95044708251953,92.6906967163086,119.24494171142578,58.90916061401367,265.52227783203125
2019-07-01,265.52227783203125,105.71882629394531,90.01599884033203,169.70950317382812,74.81256866455078,99.11658477783203,181.07275390625,204.82000732421875,169.03872680664062,97.84224700927734,56.1056022644043,81.02993774414062,160.5980682373047,294.6499938964844,54.59620666503906,84.66405487060547,83.3256607055664,93.29460144042969,120.28168487548828,60.141536712646484,267.5669250488281
2019-07-02,267.5669250488281,105.08284759521484,91.27449035644531,171.867431640625,75.76713562011719,100.53963470458984,183.13072204589844,208.11000061035156,170.24656677246094,99.93190002441406,56.410037994384766,83.0617904663086,161.6277313232422,300.9700012207031,55.35029983520508,85.61392974853516,83.73049926757812,94.82386779785156,121.77262878417969,60.82327651977539,268.359375
2019-07-03,268.359375,104.64920806884766,90.39256286621094,171.6827392578125,76.04676055908203,100.65660095214844,184.82611083984375,206.58999633789062,169.3431396484375,99.78543090820312,55.418155670166016,81.56720733642578,157.32452392578125,301.3900146484375,54.4548225402832,84.05343627929688,83.3157730102539,93.59654998779297,122.1478271484375,60.62225341796875,270.4822692871094
2019-07-05,270.4822692871094,105.71882629394531,91.07630920410156,173.41297912597656,77.50269317626953,101.982177734375,187.14866638183594,209.3300018310547,169.95199584960938,100.95719909667969,55.8404426574707,82.82734680175781,159.3935546875,305.70001220703125,55.28432083129883,85.23593139648438,83.72059631347656,93.35304260253906,122.91796875,61.356422424316406,270.0126647949219
2019-07-08,270.0126647949219,106.40299224853516,90.26374053955078,171.65359497070312,77.32913970947266,101.84571838378906,187.56027221679688,209.50999450683594,168.6361083984375,100.32247924804688,55.50653839111328,82.72966766357422,160.12210083007812,303.9800109863281,55.43513870239258,85.10991668701172,83.64160919189453,92.91473388671875,121.38754272460938,61.42635726928711,268.7115478515625
2019-07-09,268.7115478515625,104.9961166381836,89.77819061279297,170.7593231201172,77.40628051757812,101.7385025024414,186.5018768310547,207.92999267578125,167.56576538085938,98.87731170654297,54.93693923950195,81.8016586303711,159.37413024902344,302.9200134277344,54.90727615356445,85.64301300048828,82.49624633789062,91.75559997558594,119.74850463867188,60.8057975769043,269.1224365234375
2019-07-10,269.1224365234375,105.82482147216797,89.55027770996094,170.61351013183594,77.6376953125,102.01143646240234,187.2662811279297,206.72000122070312,166.9176483154297,98.02777862548828,54.70124053955078,80.4242935180664,158.8592987060547,304.20001220703125,55.114646911621094,84.09220123291016,82.9405746459961,91.55105590820312,119.23507690429688,61.0243034362793,270.3453063964844
2019-07-11,270.3453063964844,105.4682846069336,88.7674331665039,169.58314514160156,77.23271942138672,101.62155151367188,187.87388610839844,209.5500030517578,165.96510314941406,96.2213134765625,54.00396728515625,79.65257263183594,159.83067321777344,306.9800109863281,54.74702835083008,84.16973876953125,82.7628402709961,91.31727600097656,117.66514587402344,61.57493591308594,270.961669921875
2019-07-12,270.961669921875,105.343017578125,88.77735137939453,169.660888671875,77.70518493652344,100.53963470458984,190.77462768554688,211.3000030517578,166.0927734375,95.33272552490234,53.9254035949707,80.78571319580078,160.48150634765625,307.6000061035156,54.878990173339844,85.1680679321289,82.98994445800781,90.28479766845703,119.60039520263672,62.10808563232422,272.23345947265625
2019-07-15,272.23345947265625,106.58609008789062,90.174560546875,172.188232421875,78.380126953125,101.2804183959961,192.28382873535156,212.27999877929688,167.7523193359375,97.70555114746094,55.123531341552734,81.332763671875,160.40379333496094,309.4200134277344,55.72734451293945,86.14701080322266,84.13530731201172,91.98937225341797,121.21968841552734,62.3178596496582,272.2823791503906
2019-07-16,272.2823791503906,106.36444854736328,90.15473937988281,170.1177520751953,78.12944030761719,101.74825286865234,191.41163635253906,210.9199981689453,166.61973571777344,97.00248718261719,55.34940719604492,82.04586791992188,160.28721618652344,308.760009765625,55.322021484375,85.72054290771484,83.72059631347656,91.09324645996094,120.06446838378906,62.03816604614258,271.3627624511719
2019-07-17,271.3627624511719,106.34517669677734,90.47183227539062,169.89418029785156,78.04265594482422,102.19660949707031,190.363037109375,209.74000549316406,165.81216430664062,96.98295593261719,55.53599548339844,82.51475524902344,159.50039672851562,305.70001220703125,55.60480880737305,85.59454345703125,84.66850280761719,87.71331024169922,121.26905822753906,61.312721252441406,269.592041015625
2019-07-18,269.592041015625,104.91902160644531,88.47015380859375,163.90638732910156,77.15557861328125,100.33495330810547,189.9318389892578,209.6999969482422,163.24163818359375,93.21378326416016,54.46554183959961,81.51837158203125,160.65635681152344,309.3900146484375,55.04866409301758,83.78204345703125,83.6712417602539,85.9307861328125,115.31520080566406,60.86697769165039,270.58013916015625
2019-07-19,270.58013916015625,105.64173889160156,88.0936050415039,169.01937866210938,78.70795440673828,100.58837127685547,190.92164611816406,207.55999755859375,162.40451049804688,94.932373046875,53.601322174072266,81.86026763916016,162.96824645996094,310.0799865722656,56.2740592956543,84.47990417480469,82.88134002685547,86.447021484375,116.50006103515625,60.44744873046875,268.9169921875
2019-07-22,268.9169921875,104.52393341064453,87.90532684326172,168.1542510986328,78.81401824951172,98.84368133544922,190.04945373535156,208.10000610351562,161.97117614746094,95.81118774414062,52.6879997253418,81.44021606445312,161.6957244873047,306.8699951171875,55.96299743652344,84.65437316894531,82.8517074584961,86.40807342529297,121.8713607788086,59.89680862426758,269.6800842285156
2019-07-23,269.6800842285156,104.90939331054688,87.80622863769531,168.7277374267578,79.38290405273438,98.64872741699219,190.54925537109375,211.5,162.25677490234375,94.912841796875,51.49969482421875,82.42683410644531,162.35626220703125,308.54998779296875,55.46341323852539,84.16973876953125,83.06893920898438,87.1483383178711,123.75723266601562,60.42996597290039,271.5290222167969
2019-07-24,271.5290222167969,106.50899505615234,88.98544311523438,169.97195434570312,81.45594024658203,98.9411392211914,190.56886291503906,213.24000549316406,164.4136505126953,95.80142974853516,52.46212387084961,82.92503356933594,163.10423278808594,307.8800048828125,56.38717269897461,85.5557632446289,83.85884094238281,88.83345031738281,122.39466094970703,59.879337310791016,272.81060791015625
2019-07-25,272.81060791015625,109.14930725097656,89.163818359375,169.09710693359375,88.70675659179688,99.49671173095703,190.57862854003906,214.9499969482422,164.12802124023438,95.41083526611328,53.84683609008789,83.80419921875,162.4242706298828,310.2699890136719,57.10356903076172,86.58318328857422,84.56976318359375,89.00878143310547,121.67389678955078,59.809410095214844,271.3822937011719
2019-07-26,271.3822937011719,109.77566528320312,88.42061614990234,168.9124298095703,88.475341796875,99.45773315429688,191.06863403320312,213.24000549316406,162.72950744628906,96.45565795898438,54.769981384277344,83.26692962646484,162.27854919433594,308.7300109863281,56.64168167114258,86.59286499023438,83.60020446777344,89.5639877319336,121.76274108886719,59.9317741394043,273.38787841796875
2019-07-29,273.38787841796875,111.00910186767578,88.47015380859375,168.7568817138672,89.58418273925781,100.32520294189453,192.98941040039062,213.14999389648438,166.25534057617188,95.89908599853516,54.53428649902344,83.58929443359375,164.42529296875,311.2699890136719,57.19782257080078,85.88531494140625,84.05529022216797,91.2198715209961,122.88834381103516,59.86184310913086,272.9476013183594
2019-07-30,272.9476013183594,110.77784729003906,87.74678039550781,169.65118408203125,88.4849853515625,99.2335433959961,193.4010009765625,210.66000366210938,164.90606689453125,94.49295806884766,53.86648178100586,82.12400817871094,163.10423278808594,307.2200012207031,56.09496307373047,85.61392974853516,83.28360748291016,91.57054138183594,123.4215316772461,58.38475036621094,272.2627868652344
2019-07-31,272.2627868652344,111.16327667236328,89.92682647705078,169.0485076904297,87.79076385498047,99.25304412841797,191.73504638671875,207.8000030517578,167.1909637451172,95.58661651611328,54.966400146484375,82.83712005615234,160.2775115966797,303.6400146484375,56.019554138183594,85.44915771484375,83.34296417236328,90.92766571044922,123.1648178100586,58.743099212646484,269.3083190917969
2019-08-01,269.3083190917969,109.26495361328125,88.79717254638672,167.63905334472656,86.52764892578125,104.68209075927734,188.72645568847656,203.1199951171875,165.6742706298828,94.57107543945312,53.95486831665039,84.41961669921875,161.75401306152344,298.8599853515625,54.70932388305664,84.70282745361328,81.63138580322266,90.00231170654297,122.17743682861328,61.251556396484375,266.9114685058594
2019-08-02,266.9114685058594,106.45117950439453,87.51886749267578,164.81039428710938,84.4835433959961,102.2258529663086,190.27484130859375,201.2100067138672,165.56593322753906,92.16896057128906,51.98091125488281,83.09109497070312,159.59754943847656,298.44000244140625,52.503604888916016,80.80644226074219,79.71204376220703,88.6191635131836,120.12371063232422,62.046913146972656,264.9841613769531
2019-08-05,264.9841613769531,106.04646301269531,85.71537780761719,163.3134307861328,83.57718658447266,101.865234375,189.14785766601562,195.35000610351562,159.13475036621094,90.56755065917969,50.733680725097656,83.93118286132812,159.56842041015625,293.7099914550781,52.11713790893555,80.23458862304688,78.8216323852539,87.96654510498047,119.66950988769531,62.046913146972656,257.0990295410156
2019-08-06,257.0990295410156,101.86434173583984,83.31732940673828,157.4811553955078,80.22175598144531,99.20429992675781,181.83712768554688,190.14999389648438,153.57025146484375,87.78462219238281,49.58466339111328,79.7307357788086,155.1777801513672,280.3599853515625,50.63723373413086,77.98592376708984,80.13746643066406,85.40479278564453,114.32783508300781,59.89606475830078,260.4742126464844
2019-08-07,260.4742126464844,103.35796356201172,84.96227264404297,159.92098999023438,81.29202270507812,101.24142456054688,185.03189086914062,198.33999633789062,157.16500854492188,88.8587417602539,50.556907653808594,82.1142349243164,158.71360778808594,286.2099914550781,51.212223052978516,79.129638671875,83.27371215820312,86.31066131591797,116.20384979248047,60.276668548583984,260.6796569824219
2019-08-08,260.6796569824219,103.14595794677734,84.48662567138672,158.8225860595703,80.77134704589844,100.71508026123047,185.0906982421875,201.88999938964844,155.72711181640625,88.36073303222656,51.038124084472656,82.93479919433594,159.76268005371094,289.0199890136719,50.75034713745117,79.21688079833984,82.73945617675781,86.5833969116211,115.42382049560547,59.090614318847656,265.6494445800781
2019-08-09,265.6494445800781,106.23918151855469,86.1414794921875,162.3413848876953,81.6005630493164,102.63523864746094,190.29446411132812,211.3300018310547,159.66656494140625,90.24531555175781,52.08893966674805,86.73475646972656,165.44525146484375,297.7799987792969,52.49418258666992,81.07783508300781,84.61923217773438,87.8788833618164,117.65528869628906,61.020172119140625,263.9276428222656
2019-08-12,263.9276428222656,104.69738006591797,84.55598449707031,162.0109100341797,80.98347473144531,101.45584106445312,187.64845275878906,208.27000427246094,159.5779266357422,90.0207290649414,50.930091857910156,86.27564239501953,162.92938232421875,294.8299865722656,51.8343505859375,80.19581604003906,84.98529815673828,87.4405517578125,117.27019500732422,61.11753845214844,260.8165588378906
2019-08-13,260.8165588378906,102.73160552978516,84.26861572265625,160.34869384765625,78.64046478271484,100.24723052978516,186.19808959960938,207.0399932861328,159.74537658691406,87.99944305419922,49.9873046875,83.58929443359375,161.1226043701172,288.6499938964844,49.845436096191406,79.41072082519531,82.12606048583984,85.88207244873047,115.4830551147461,61.312259674072266,264.680908203125
2019-08-14,264.680908203125,104.61066436767578,85.30908203125,163.28428649902344,79.98070526123047,101.7969970703125,189.02047729492188,213.4199981689453,162.17799377441406,89.13214111328125,50.71404266357422,84.45868682861328,163.88133239746094,293.1700134277344,50.95772171020508,80.23458862304688,82.99669647216797,87.4502944946289,118.435302734375,61.6397590637207,257.001220703125
2019-08-15,257.001220703125,101.5270767211914,82.57412719726562,159.45440673828125,76.57705688476562,99.11658477783203,183.22869873046875,205.05999755859375,158.42564392089844,86.2125015258789,48.95613479614258,81.88957214355469,159.15069580078125,283.6600036621094,49.42125701904297,76.9585189819336,79.90991973876953,85.70675659179688,115.6805419921875,59.93147277832031,257.6860046386719
2019-08-16,257.6860046386719,101.62344360351562,83.5650634765625,158.52633666992188,76.20101928710938,99.26278686523438,185.76690673828125,204.1199951171875,159.32188415527344,86.90579223632812,48.838287353515625,81.60628509521484,160.34552001953125,282.7099914550781,49.185604095458984,75.0975570678711,80.81022644042969,85.02490997314453,115.59165954589844,60.143898010253906,261.4427185058594
2019-08-19,261.4427185058594,103.46395874023438,84.87309265136719,161.22267150878906,77.4737777709961,100.60787200927734,189.35365295410156,209.57000732421875,161.51812744140625,88.5853271484375,49.61412048339844,83.60883331298828,162.23968505859375,287.45001220703125,50.231910705566406,76.35758209228516,82.591064453125,87.65486145019531,118.55378723144531,61.33881378173828,264.6222229003906
2019-08-20,264.6222229003906,105.6321029663086,85.91356658935547,162.0335235595703,77.98479461669922,101.3583755493164,191.27442932128906,212.99000549316406,163.04466247558594,89.09309387207031,50.26228713989258,84.2144775390625,164.1241912841797,287.9700012207031,50.78805160522461,77.5303726196289,83.09563446044922,88.55097961425781,120.53840637207031,62.76386642456055,262.5482177734375
2019-08-21,262.5482177734375,103.8975830078125,85.42801666259766,159.6986541748047,76.89525604248047,100.60787200927734,190.31405639648438,213.17999267578125,162.2764892578125,89.15167236328125,50.00695037841797,83.41345977783203,163.07508850097656,285.7099914550781,50.21305465698242,77.44314575195312,82.68009948730469,87.76199340820312,120.50878143310547,62.89662551879883,264.7200622558594
2019-08-22,264.7200622558594,104.81302642822266,85.54692077636719,160.01124572753906,77.34124755859375,101.26091766357422,191.81341552734375,218.0399932861328,163.34999084472656,89.5227279663086,51.14615249633789,84.18517303466797,164.83326721191406,291.5299987792969,50.65608215332031,78.5190200805664,85.11390686035156,88.4925308227539,122.7599868774414,63.002838134765625,264.59283447265625
2019-08-23,264.59283447265625,105.2081069946289,84.99198913574219,159.1417999267578,77.25399780273438,101.85547637939453,192.4112091064453,217.10000610351562,162.3651123046875,88.7903823852539,51.293460845947266,84.06794738769531,164.6778564453125,287.69000244140625,50.98599624633789,78.5190200805664,85.62837219238281,88.82540130615234,121.64425659179688,62.206233978271484,257.7251281738281
2019-08-26,257.7251281738281,101.76797485351562,82.86150360107422,152.87969970703125,74.42288970947266,99.39925384521484,188.95184326171875,210.7100067138672,158.12033081054688,86.02696990966797,48.67133712768555,80.90294647216797,160.083251953125,282.44000244140625,49.30814743041992,75.94080352783203,84.10477447509766,87.4156265258789,117.99098205566406,59.66593933105469,260.59161376953125
2019-08-27,260.59161376953125,102.77978515625,82.20748138427734,153.2899932861328,75.68331146240234,100.59812927246094,191.5586395263672,211.8000030517578,158.26805114746094,86.55426788330078,49.329322814941406,81.59651947021484,162.0357208251953,288.739990234375,50.033958435058594,77.2396011352539,84.69837951660156,87.082763671875,119.35355377197266,60.365177154541016,259.750244140625
2019-08-28,259.750244140625,103.18450927734375,82.97050476074219,153.8468475341797,75.13066864013672,100.03279113769531,193.21481323242188,211.0399932861328,160.14915466308594,86.83744812011719,48.55348205566406,81.31322479248047,162.0745849609375,289.45001220703125,49.496665954589844,77.11359405517578,84.11465454101562,87.77787017822266,119.67938995361328,60.471397399902344,261.4622802734375
2019-08-29,261.4622802734375,103.84940338134766,83.34706115722656,155.86907958984375,76.555908203125,99.81836700439453,192.90121459960938,204.13999938964844,160.36582946777344,88.64390563964844,48.82847213745117,82.10448455810547,162.43397521972656,282.1300048828125,49.496665954589844,78.71285247802734,84.58955383300781,87.30792999267578,121.39741516113281,61.542388916015625,264.81787109375
2019-08-30,264.81787109375,105.98863983154297,85.32891845703125,159.82566833496094,77.56425476074219,100.12200164794922,194.76321411132812,209.17999267578125,162.8181610107422,90.56817626953125,50.19960403442383,83.54044342041016,164.59042358398438,286.6300048828125,50.14707565307617,80.73859405517578,86.85516357421875,89.90230560302734,123.01670837402344,62.684200286865234,265.0233154296875
2019-09-03,265.0233154296875,106.59571838378906,85.15055084228516,160.82211303710938,77.53515625,100.28852081298828,194.20458984375,206.55999755859375,162.21737670898438,92.031005859375,50.36730194091797,84.33170318603516,164.97898864746094,284.510009765625,50.165924072265625,79.43009948730469,87.91378021240234,89.30511474609375,124.21143341064453,63.09134292602539,263.21343994140625
2019-09-04,263.21343994140625,105.75736236572266,82.62367248535156,159.75726318359375,76.07112884521484,100.43544006347656,191.8330078125,206.00999450683594,158.819580078125,90.82344055175781,48.354976654052734,83.13017272949219,162.4242706298828,282.45001220703125,49.647483825683594,78.46085357666016,88.33918762207031,87.18067169189453,124.77423858642578,62.498321533203125,266.0896911621094
2019-09-05,266.0896911621094,106.942626953125,84.3974380493164,163.28399658203125,76.91464233398438,101.76751708984375,193.75381469726562,212.49000549316406,160.49388122558594,91.54994201660156,49.23290252685547,84.70291137695312,164.8527069091797,284.6000061035156,50.06661605834961,79.58518981933594,89.90237426757812,89.03099822998047,125.88996124267578,62.8789176940918,269.6116027832031
2019-09-06,269.6116027832031,110.86456298828125,87.5287857055664,166.439453125,79.32882690429688,102.23766326904297,195.49818420410156,218.08999633789062,166.15684509277344,94.37744140625,50.83092498779297,85.455078125,168.31082153320312,287.75,51.343048095703125,83.84989166259766,90.38715362548828,92.52604675292969,128.27940368652344,62.86121368408203,269.865966796875
2019-09-09,269.865966796875,111.41382598876953,88.46024322509766,167.2112274169922,79.74574279785156,103.14857482910156,197.0955810546875,217.58999633789062,166.2947235107422,93.40548706054688,50.87038803100586,85.3769302368164,168.29139709472656,284.94000244140625,51.91458511352539,84.91606903076172,91.33692932128906,92.8589096069336,127.63583374023438,63.57817077636719,269.8561096191406
2019-09-10,269.8561096191406,113.43742370605469,88.95570373535156,165.745849609375,81.89814758300781,103.61872863769531,190.93145751953125,214.5800018310547,165.388671875,93.78838348388672,51.432647705078125,85.00572204589844,163.240234375,279.29998779296875,53.352943420410156,87.30243682861328,91.1390609741211,93.09386444091797,130.5566864013672,65.206787109375,269.9539794921875
2019-09-11,269.9539794921875,113.56269836425781,87.59814453125,165.69699096679688,81.7527084350586,103.510986328125,185.86488342285156,210.3800048828125,163.71438598632812,95.2806625366211,52.79393005371094,84.595458984375,159.62669372558594,276.1400146484375,53.962589263916016,87.48751831054688,89.01194763183594,93.74980926513672,131.77450561523438,65.07402038574219,271.92041015625
2019-09-12,271.92041015625,115.72119903564453,87.30085754394531,167.3284912109375,81.8205795288086,103.97134399414062,187.54067993164062,214.58999633789062,165.1424102783203,97.40129089355469,53.997379302978516,86.81290435791016,156.5279998779297,277.7799987792969,53.99116516113281,88.4615478515625,88.84375762939453,93.97498321533203,131.34877014160156,65.55198669433594,272.7421569824219
2019-09-13,272.7421569824219,114.54779815673828,89.00525665283203,164.7396240234375,81.92723083496094,104.39252471923828,191.6076202392578,211.0800018310547,166.9447479248047,97.85289001464844,53.5140266418457,87.877685546875,156.58657836914062,278.0199890136719,54.63890838623047,88.00374603271484,89.41758728027344,94.96377563476562,131.17054748535156,65.43692016601562,272.6150207519531
2019-09-16,272.6150207519531,115.34300994873047,90.01758575439453,163.84083557128906,82.1987075805664,103.63832092285156,190.7256317138672,212.1300048828125,168.29400634765625,97.85289001464844,53.71131134033203,88.94244384765625,155.93252563476562,278.3500061035156,55.08660888671875,87.95504760742188,90.2387466430664,94.66029357910156,131.77450561523438,65.92373657226562,271.7638854980469
2019-09-17,271.7638854980469,113.31621551513672,90.17638397216797,162.3754425048828,81.0449447631836,104.19660949707031,190.27484130859375,212.1300048828125,168.93418884277344,97.44055938720703,52.724876403808594,88.98152160644531,154.39993286132812,282.92999267578125,54.21977996826172,86.12386322021484,91.6832046508789,93.1036605834961,131.43788146972656,67.11864471435547,272.4682312011719
2019-09-18,272.4682312011719,114.37324523925781,89.70991516113281,162.61968994140625,81.34549713134766,105.724609375,191.0490264892578,216.1300048828125,168.82583618164062,96.92022705078125,52.02450942993164,88.55171203613281,155.04421997070312,284.69000244140625,54.457916259765625,85.63685607910156,92.55384063720703,92.5652084350586,130.69528198242188,67.44613647460938,272.5660400390625
2019-09-19,272.5660400390625,113.56835174560547,89.34269714355469,164.09483337402344,81.74300384521484,105.7735824584961,190.24542236328125,217.58999633789062,167.8311309814453,97.49946594238281,52.14288330078125,88.77637481689453,154.0094757080078,279.7200012207031,54.438865661621094,85.3154296875,92.1778793334961,92.7414321899414,131.5666046142578,67.711669921875,272.58563232421875
2019-09-20,272.58563232421875,112.4919204711914,89.53128051757812,162.92251586914062,81.19037628173828,106.135986328125,190.77462768554688,219.0500030517578,164.14773559570312,97.1656723022461,52.340171813964844,88.2977294921875,155.5518341064453,281.260009765625,54.20072555541992,84.79917907714844,91.25777435302734,92.39877319335938,130.99232482910156,66.46365356445312,271.2649230957031
2019-09-23,271.2649230957031,110.88211059570312,89.20375061035156,164.42698669433594,80.41473388671875,105.70501708984375,189.22625732421875,216.57000732421875,161.8529815673828,97.10676574707031,52.03437042236328,87.8190689086914,155.50302124023438,277.9100036621094,53.87685775756836,83.44528198242188,90.81257629394531,91.22396850585938,130.73487854003906,67.06553649902344,271.2355651855469
2019-09-24,271.2355651855469,111.36698913574219,88.77698516845703,163.28399658203125,80.77346801757812,106.1849594116211,188.98126220703125,216.72999572753906,161.1241912841797,96.85150146484375,52.46840286254883,86.64683532714844,155.8934783935547,277.44000244140625,54.4102897644043,85.32516479492188,90.31790161132812,89.64775848388672,130.30914306640625,66.2158203125,268.97564697265625
2019-09-25,268.97564697265625,110.8142318725586,89.20375061035156,161.93580627441406,79.50334930419922,105.54830169677734,186.3352813720703,213.86000061035156,159.9127960205078,96.70423126220703,52.616371154785156,85.90443420410156,156.21560668945312,272.4700012207031,53.867332458496094,84.1952896118164,89.4571533203125,89.46175384521484,131.249755859375,65.62279510498047,270.63543701171875
2019-09-26,270.63543701171875,110.86272430419922,89.82901763916016,163.07882690429688,79.2609634399414,105.45034790039062,187.05068969726562,215.63999938964844,161.685546875,97.65654754638672,53.198368072509766,85.64067840576172,157.8262939453125,277.42999267578125,54.0864143371582,84.7602310180664,90.29810333251953,90.71488952636719,131.26956176757812,65.17137145996094,269.9967041015625
2019-09-27,269.9967041015625,108.64197540283203,89.49156951904297,163.176513671875,78.87313842773438,105.89111328125,188.27566528320312,220.0800018310547,161.37039184570312,97.70562744140625,53.56334686279297,85.40624237060547,159.37840270996094,283.80999755859375,54.029266357421875,85.782958984375,90.01119995117188,91.13584899902344,131.9329376220703,65.0474624633789,268.5914611816406
